Coder,Dir,Image,Modified,Object,Comments,ObjectCount,StudyRelated,Food,Clothing,Toy,Book,Electronic,Plant,Animal,ToolWork,ToolMealtime,OtherLargeImmovable,OtherSynthetic,OtherNatural,None,Exclude,Unsure,Flagged,Skipped
Annotator,BER38-14moF,000000.00.gif,2022-02-16 12:01:34,,sippy cup in lap but i don't think there's hand contact,1,0,0,0,0,0,0,0,0,0,0,0,0,0,1,0,0,0,0
Annotator,BER38-14moF,000005.00.gif,2022-02-16 12:01:46,,sippy cup in lap but i don't think there's hand contact,2,0,0,0,0,0,0,0,0,0,0,0,0,0,1,0,0,0,0
Annotator,BER38-14moF,000005.00_d1.gif,2022-02-16 09:09:25,,,2,0,0,0,0,0,0,0,0,0,0,0,0,0,0,0,0,0,1
Annotator,BER38-14moF,000010.01.gif,2022-02-16 12:02:06,,sippy cup in lap but i don't think there's hand contact,1,0,0,0,0,0,0,0,0,0,0,0,0,0,1,0,0,0,0
Annotator,BER38-14moF,000015.02.gif,2022-02-16 12:02:18,,sippy cup in lap but i don't think there's hand contact,1,0,0,0,0,0,0,0,0,0,0,0,0,0,1,0,0,0,0
Annotator,BER38-14moF,000020.02.gif,2022-02-16 12:03:04,,indicating for firetruck but in caregiver's lap so maybe not reaching,1,0,0,0,0,0,0,0,0,0,0,0,0,0,1,0,0,0,0
Annotator,BER38-14moF,000025.02.gif,2022-02-16 12:03:16,,,1,0,0,0,0,0,0,0,0,0,0,0,0,0,1,0,0,0,0
Annotator,BER38-14moF,000030.03.gif,2022-02-16 12:03:28,,,1,0,0,0,0,0,0,0,0,0,0,0,0,0,1,0,0,0,0
Annotator,BER38-14moF,000035.00.gif,2022-02-16 12:03:47,,,1,0,0,0,0,0,0,0,0,0,0,0,0,0,1,0,0,0,0
Annotator,BER38-14moF,000040.01.gif,2022-02-16 12:03:53,toy firetruck,,1,0,0,0,1,0,0,0,0,0,0,0,0,0,0,0,0,0,0
Annotator,BER38-14moF,000045.01.gif,2022-02-16 12:04:09,toy firetruck,,1,0,0,0,1,0,0,0,0,0,0,0,0,0,0,0,0,0,0
Annotator,BER38-14moF,000050.02.gif,2022-02-16 12:04:20,toy firetruck,,1,0,0,0,1,0,0,0,0,0,0,0,0,0,0,0,0,0,0
Annotator,BER38-14moF,000055.02.gif,2022-02-16 12:05:33,toy firetruck,,1,0,0,0,1,0,0,0,0,0,0,0,0,0,0,0,0,0,0
Annotator,BER38-14moF,000100.03.gif,2022-02-16 12:05:33,toy firetruck,,1,0,0,0,1,0,0,0,0,0,0,0,0,0,0,0,0,0,0
Annotator,BER38-14moF,000105.03.gif,2022-02-16 12:05:34,toy firetruck,,1,0,0,0,1,0,0,0,0,0,0,0,0,0,0,0,0,0,0
Annotator,BER38-14moF,000110.00.gif,2022-02-16 12:05:35,toy firetruck,,1,0,0,0,1,0,0,0,0,0,0,0,0,0,0,0,0,0,0
Annotator,BER38-14moF,000115.01.gif,2022-02-16 12:05:35,toy firetruck,,1,0,0,0,1,0,0,0,0,0,0,0,0,0,0,0,0,0,0
Annotator,BER38-14moF,000120.01.gif,2022-02-16 12:05:36,toy firetruck,,1,0,0,0,1,0,0,0,0,0,0,0,0,0,0,0,0,0,0
Annotator,BER38-14moF,000125.02.gif,2022-02-16 12:05:37,toy firetruck,,1,0,0,0,1,0,0,0,0,0,0,0,0,0,0,0,0,0,0
Annotator,BER38-14moF,000130.02.gif,2022-02-16 12:05:37,toy firetruck,,1,0,0,0,1,0,0,0,0,0,0,0,0,0,0,0,0,0,0
Annotator,BER38-14moF,000135.03.gif,2022-02-16 12:05:43,toy firetruck,,1,0,0,0,1,0,0,0,0,0,0,0,0,0,0,0,0,0,0
Annotator,BER38-14moF,000140.03.gif,2022-02-16 12:07:10,toy firetruck,,1,0,0,0,1,0,0,0,0,0,0,0,0,0,0,0,0,0,0
Annotator,BER38-14moF,000145.00.gif,2022-02-16 12:07:11,toy firetruck,,1,0,0,0,1,0,0,0,0,0,0,0,0,0,0,0,0,0,0
Annotator,BER38-14moF,000150.01.gif,2022-02-16 12:07:12,toy firetruck,,1,0,0,0,1,0,0,0,0,0,0,0,0,0,0,0,0,0,0
Annotator,BER38-14moF,000155.01.gif,2022-02-16 12:07:12,toy firetruck,,1,0,0,0,1,0,0,0,0,0,0,0,0,0,0,0,0,0,0
Annotator,BER38-14moF,000200.02.gif,2022-02-16 12:07:13,toy firetruck,,1,0,0,0,1,0,0,0,0,0,0,0,0,0,0,0,0,0,0
Annotator,BER38-14moF,000205.02.gif,2022-02-16 12:07:13,toy firetruck,,1,0,0,0,1,0,0,0,0,0,0,0,0,0,0,0,0,0,0
Annotator,BER38-14moF,000210.03.gif,2022-02-16 12:07:14,toy firetruck,,1,0,0,0,1,0,0,0,0,0,0,0,0,0,0,0,0,0,0
Annotator,BER38-14moF,000215.00.gif,2022-02-16 12:07:14,toy firetruck,,1,0,0,0,1,0,0,0,0,0,0,0,0,0,0,0,0,0,0
Annotator,BER38-14moF,000220.01.gif,2022-02-16 12:07:15,toy firetruck,,1,0,0,0,1,0,0,0,0,0,0,0,0,0,0,0,0,0,0
Annotator,BER38-14moF,000225.01.gif,2022-02-16 12:07:16,toy firetruck,,1,0,0,0,1,0,0,0,0,0,0,0,0,0,0,0,0,0,0
Annotator,BER38-14moF,000230.02.gif,2022-02-16 12:07:16,toy firetruck,,1,0,0,0,1,0,0,0,0,0,0,0,0,0,0,0,0,0,0
Annotator,BER38-14moF,000235.02.gif,2022-02-16 12:07:17,toy firetruck,,1,0,0,0,1,0,0,0,0,0,0,0,0,0,0,0,0,0,0
Annotator,BER38-14moF,000240.03.gif,2022-02-16 12:09:01,toy firetruck,,1,0,0,0,1,0,0,0,0,0,0,0,0,0,0,0,0,0,0
Annotator,BER38-14moF,000245.03.gif,2022-02-16 12:09:02,toy firetruck,,1,0,0,0,1,0,0,0,0,0,0,0,0,0,0,0,0,0,0
Annotator,BER38-14moF,000250.00.gif,2022-02-16 12:09:02,toy firetruck,,1,0,0,0,1,0,0,0,0,0,0,0,0,0,0,0,0,0,0
Annotator,BER38-14moF,000255.01.gif,2022-02-16 12:09:03,toy firetruck,,1,0,0,0,1,0,0,0,0,0,0,0,0,0,0,0,0,0,0
Annotator,BER38-14moF,000300.01.gif,2022-02-16 12:09:04,toy firetruck,,1,0,0,0,1,0,0,0,0,0,0,0,0,0,0,0,0,0,0
Annotator,BER38-14moF,000305.02.gif,2022-02-16 12:09:04,toy firetruck,,1,0,0,0,1,0,0,0,0,0,0,0,0,0,0,0,0,0,0
Annotator,BER38-14moF,000310.02.gif,2022-02-16 12:09:05,toy firetruck,,1,0,0,0,1,0,0,0,0,0,0,0,0,0,0,0,0,0,0
Annotator,BER38-14moF,000315.03.gif,2022-02-16 12:09:06,toy firetruck,,1,0,0,0,1,0,0,0,0,0,0,0,0,0,0,0,0,0,0
Annotator,BER38-14moF,000320.03.gif,2022-02-16 12:09:06,toy firetruck,,1,0,0,0,1,0,0,0,0,0,0,0,0,0,0,0,0,0,0
Annotator,BER38-14moF,000325.00.gif,2022-02-16 12:09:07,toy firetruck,,1,0,0,0,1,0,0,0,0,0,0,0,0,0,0,0,0,0,0
Annotator,BER38-14moF,000330.01.gif,2022-02-16 12:09:08,toy firetruck,,1,0,0,0,1,0,0,0,0,0,0,0,0,0,0,0,0,0,0
Annotator,BER38-14moF,000335.01.gif,2022-02-16 12:09:09,toy firetruck,,1,0,0,0,1,0,0,0,0,0,0,0,0,0,0,0,0,0,0
Annotator,BER38-14moF,000340.02.gif,2022-02-16 12:09:10,toy firetruck,,1,0,0,0,1,0,0,0,0,0,0,0,0,0,0,0,0,0,0
Annotator,BER38-14moF,000345.02.gif,2022-02-16 12:09:31,"sippy cup, juice",,1,0,1,0,0,0,0,0,0,0,1,0,0,0,0,0,0,0,0
Annotator,BER38-14moF,000350.03.gif,2022-02-16 12:09:46,,,1,0,0,0,0,0,0,0,0,0,0,0,0,0,1,0,0,0,0
Annotator,BER38-14moF,000355.00.gif,2022-02-16 12:09:57,,,1,0,0,0,0,0,0,0,0,0,0,0,0,0,1,0,0,0,0
Annotator,BER38-14moF,000400.01.gif,2022-02-16 17:08:03,toy ring,,1,0,0,0,1,0,0,0,0,0,0,0,0,0,0,0,0,0,0
Annotator,BER38-14moF,000405.01.gif,2022-02-16 17:08:09,toy ring,out of frame,1,0,0,0,1,0,0,0,0,0,0,0,0,0,0,0,0,0,0
Annotator,BER38-14moF,000410.02.gif,2022-02-16 17:08:11,toy ring,out of frame,1,0,0,0,1,0,0,0,0,0,0,0,0,0,0,0,0,0,0
Annotator,BER38-14moF,000415.02.gif,2022-02-16 17:08:12,toy ring,out of frame,1,0,0,0,1,0,0,0,0,0,0,0,0,0,0,0,0,0,0
Annotator,BER38-14moF,000420.03.gif,2022-02-16 17:08:13,toy ring,out of frame,1,0,0,0,1,0,0,0,0,0,0,0,0,0,0,0,0,0,0
Annotator,BER38-14moF,000425.03.gif,2022-02-16 17:08:14,toy ring,out of frame,1,0,0,0,1,0,0,0,0,0,0,0,0,0,0,0,0,0,0
Annotator,BER38-14moF,000430.00.gif,2022-02-16 17:08:15,toy ring,out of frame,1,0,0,0,1,0,0,0,0,0,0,0,0,0,0,0,0,0,0
Annotator,BER38-14moF,000435.01.gif,2022-02-16 17:08:15,toy ring,out of frame,1,0,0,0,1,0,0,0,0,0,0,0,0,0,0,0,0,0,0
Annotator,BER38-14moF,000440.01.gif,2022-02-16 17:08:16,toy ring,out of frame,1,0,0,0,1,0,0,0,0,0,0,0,0,0,0,0,0,0,0
Annotator,BER38-14moF,000445.02.gif,2022-02-16 17:08:17,toy ring,out of frame,1,0,0,0,1,0,0,0,0,0,0,0,0,0,0,0,0,0,0
Annotator,BER38-14moF,000450.02.gif,2022-02-16 17:08:17,toy ring,out of frame,1,0,0,0,1,0,0,0,0,0,0,0,0,0,0,0,0,0,0
Annotator,BER38-14moF,000455.03.gif,2022-02-16 17:08:18,toy ring,out of frame,1,0,0,0,1,0,0,0,0,0,0,0,0,0,0,0,0,0,0
Annotator,BER38-14moF,000500.03.gif,2022-02-16 17:08:18,toy ring,out of frame,1,0,0,0,1,0,0,0,0,0,0,0,0,0,0,0,0,0,0
Annotator,BER38-14moF,000505.00.gif,2022-02-16 17:08:19,toy ring,out of frame,1,0,0,0,1,0,0,0,0,0,0,0,0,0,0,0,0,0,0
Annotator,BER38-14moF,000510.01.gif,2022-02-16 17:08:20,toy ring,out of frame,1,0,0,0,1,0,0,0,0,0,0,0,0,0,0,0,0,0,0
Annotator,BER38-14moF,000515.01.gif,2022-02-16 17:08:25,toy ring,"we lost sight of the ring for most of the previous images but it's pretty clear from the video that they've held onto it this whole time (i.e., it doesn't show up on the floor, arms are positioned in a way that seems like there's handling, etc.)",1,0,0,0,1,0,0,0,0,0,0,0,0,0,0,0,0,0,0
Annotator,BER38-14moF,000520.02.gif,2022-02-16 12:13:10,toy ring,,1,0,0,0,1,0,0,0,0,0,0,0,0,0,0,0,0,0,0
Annotator,BER38-14moF,000525.02.gif,2022-02-16 12:14:40,toy ring,,1,0,0,0,1,0,0,0,0,0,0,0,0,0,0,0,0,0,0
Annotator,BER38-14moF,000530.03.gif,2022-02-16 12:14:51,toy ring,,1,0,0,0,1,0,0,0,0,0,0,0,0,0,0,0,0,0,0
Annotator,BER38-14moF,000535.00.gif,2022-02-16 12:15:02,,,1,0,0,0,0,0,0,0,0,0,0,0,0,0,1,0,0,0,0
Annotator,BER38-14moF,000540.01.gif,2022-02-16 12:15:14,,,1,0,0,0,0,0,0,0,0,0,0,0,0,0,1,0,0,0,0
Annotator,BER38-14moF,000545.01.gif,2022-02-16 12:15:26,,,1,0,0,0,0,0,0,0,0,0,0,0,0,0,1,0,0,0,0
Annotator,BER38-14moF,000550.02.gif,2022-02-16 12:15:37,,,1,0,0,0,0,0,0,0,0,0,0,0,0,0,1,0,0,0,0
Annotator,BER38-14moF,000555.02.gif,2022-02-16 12:15:49,,,1,0,0,0,0,0,0,0,0,0,0,0,0,0,1,0,0,0,0
Annotator,BER38-14moF,000600.03.gif,2022-02-16 12:15:58,,,1,0,0,0,0,0,0,0,0,0,0,0,0,0,1,0,0,0,0
Annotator,BER38-14moF,000605.03.gif,2022-02-16 17:08:41,baby monitor,indicating,1,0,0,0,0,0,1,0,0,0,0,0,0,0,0,0,0,0,0
Annotator,BER38-14moF,000610.00.gif,2022-02-16 12:16:32,baby monitor,,1,0,0,0,0,0,1,0,0,0,0,0,0,0,0,0,0,0,0
Annotator,BER38-14moF,000615.01.gif,2022-02-16 13:15:43,baby monitor,,1,0,0,0,0,0,1,0,0,0,0,0,0,0,0,0,0,0,0
Annotator,BER38-14moF,000620.01.gif,2022-02-16 13:15:55,baby monitor,,1,0,0,0,0,0,1,0,0,0,0,0,0,0,0,0,0,0,0
Annotator,BER38-14moF,000625.02.gif,2022-02-16 13:16:06,baby monitor,,1,0,0,0,0,0,1,0,0,0,0,0,0,0,0,0,0,0,0
Annotator,BER38-14moF,000630.02.gif,2022-02-16 13:16:15,baby monitor,,1,0,0,0,0,0,1,0,0,0,0,0,0,0,0,0,0,0,0
Annotator,BER38-14moF,000635.03.gif,2022-02-16 13:16:25,baby monitor,,1,0,0,0,0,0,1,0,0,0,0,0,0,0,0,0,0,0,0
Annotator,BER38-14moF,000640.03.gif,2022-02-16 13:17:10,baby monitor,,1,0,0,0,0,0,1,0,0,0,0,0,0,0,0,0,0,0,0
Annotator,BER38-14moF,000645.00.gif,2022-02-16 13:17:11,baby monitor,,1,0,0,0,0,0,1,0,0,0,0,0,0,0,0,0,0,0,0
Annotator,BER38-14moF,000650.01.gif,2022-02-16 13:17:12,baby monitor,,1,0,0,0,0,0,1,0,0,0,0,0,0,0,0,0,0,0,0
Annotator,BER38-14moF,000655.01.gif,2022-02-16 13:17:12,baby monitor,,1,0,0,0,0,0,1,0,0,0,0,0,0,0,0,0,0,0,0
Annotator,BER38-14moF,000700.02.gif,2022-02-16 13:17:25,baby monitor,,1,0,0,0,0,0,1,0,0,0,0,0,0,0,0,0,0,0,0
Annotator,BER38-14moF,000705.02.gif,2022-02-16 13:17:26,baby monitor,,1,0,0,0,0,0,1,0,0,0,0,0,0,0,0,0,0,0,0
Annotator,BER38-14moF,000710.03.gif,2022-02-16 13:17:45,baby monitor,,1,0,0,0,0,0,1,0,0,0,0,0,0,0,0,0,0,0,0
Annotator,BER38-14moF,000715.00.gif,2022-02-16 13:17:49,baby monitor,,1,0,0,0,0,0,1,0,0,0,0,0,0,0,0,0,0,0,0
Annotator,BER38-14moF,000720.01.gif,2022-02-16 13:20:18,baby monitor,,1,0,0,0,0,0,1,0,0,0,0,0,0,0,0,0,0,0,0
Annotator,BER38-14moF,000725.01.gif,2022-02-16 13:20:18,baby monitor,,1,0,0,0,0,0,1,0,0,0,0,0,0,0,0,0,0,0,0
Annotator,BER38-14moF,000730.02.gif,2022-02-16 13:20:19,baby monitor,,1,0,0,0,0,0,1,0,0,0,0,0,0,0,0,0,0,0,0
Annotator,BER38-14moF,000735.02.gif,2022-02-16 13:20:20,baby monitor,,1,0,0,0,0,0,1,0,0,0,0,0,0,0,0,0,0,0,0
Annotator,BER38-14moF,000740.03.gif,2022-02-16 13:20:20,baby monitor,,1,0,0,0,0,0,1,0,0,0,0,0,0,0,0,0,0,0,0
Annotator,BER38-14moF,000745.03.gif,2022-02-16 13:20:21,baby monitor,,1,0,0,0,0,0,1,0,0,0,0,0,0,0,0,0,0,0,0
Annotator,BER38-14moF,000750.00.gif,2022-02-16 13:20:27,baby monitor,,1,0,0,0,0,0,1,0,0,0,0,0,0,0,0,0,0,0,0
Annotator,BER38-14moF,000755.01.gif,2022-02-16 13:20:27,baby monitor,,1,0,0,0,0,0,1,0,0,0,0,0,0,0,0,0,0,0,0
Annotator,BER38-14moF,000800.01.gif,2022-02-16 13:20:28,baby monitor,,1,0,0,0,0,0,1,0,0,0,0,0,0,0,0,0,0,0,0
Annotator,BER38-14moF,000805.02.gif,2022-02-16 13:20:28,baby monitor,,1,0,0,0,0,0,1,0,0,0,0,0,0,0,0,0,0,0,0
Annotator,BER38-14moF,000810.02.gif,2022-02-16 13:20:29,baby monitor,,1,0,0,0,0,0,1,0,0,0,0,0,0,0,0,0,0,0,0
Annotator,BER38-14moF,000815.03.gif,2022-02-16 13:20:30,baby monitor,,1,0,0,0,0,0,1,0,0,0,0,0,0,0,0,0,0,0,0
Annotator,BER38-14moF,000820.03.gif,2022-02-16 13:20:30,baby monitor,,1,0,0,0,0,0,1,0,0,0,0,0,0,0,0,0,0,0,0
Annotator,BER38-14moF,000825.00.gif,2022-02-16 13:20:31,baby monitor,,1,0,0,0,0,0,1,0,0,0,0,0,0,0,0,0,0,0,0
Annotator,BER38-14moF,000830.01.gif,2022-02-16 13:20:32,baby monitor,,1,0,0,0,0,0,1,0,0,0,0,0,0,0,0,0,0,0,0
Annotator,BER38-14moF,000835.01.gif,2022-02-16 13:20:34,baby monitor,,1,0,0,0,0,0,1,0,0,0,0,0,0,0,0,0,0,0,0
Annotator,BER38-14moF,000840.02.gif,2022-02-16 13:20:35,baby monitor,,1,0,0,0,0,0,1,0,0,0,0,0,0,0,0,0,0,0,0
Annotator,BER38-14moF,000845.02.gif,2022-02-16 13:20:35,baby monitor,,1,0,0,0,0,0,1,0,0,0,0,0,0,0,0,0,0,0,0
Annotator,BER38-14moF,000850.03.gif,2022-02-16 13:20:37,baby monitor,,1,0,0,0,0,0,1,0,0,0,0,0,0,0,0,0,0,0,0
Annotator,BER38-14moF,000855.00.gif,2022-02-16 13:20:38,,,1,0,0,0,0,0,0,0,0,0,0,0,0,0,1,0,0,0,0
Annotator,BER38-14moF,000900.01.gif,2022-02-16 13:20:49,,,1,0,0,0,0,0,0,0,0,0,0,0,0,0,1,0,0,0,0
Annotator,BER38-14moF,000905.01.gif,2022-02-16 13:20:59,,,1,0,0,0,0,0,0,0,0,0,0,0,0,0,1,0,0,0,0
Annotator,BER38-14moF,000910.02.gif,2022-02-16 13:21:16,headcam,,1,1,0,0,0,0,0,0,0,0,0,0,0,0,0,0,0,0,0
Annotator,BER38-14moF,000915.02.gif,2022-02-16 13:21:35,headband,,1,1,0,0,0,0,0,0,0,0,0,0,0,0,0,0,0,0,0
Annotator,BER38-14moF,000920.03.gif,2022-02-16 13:21:51,headcam,,1,1,0,0,0,0,0,0,0,0,0,0,0,0,0,0,0,0,0
Annotator,BER38-14moF,000925.03.gif,2022-02-16 13:22:02,,,1,0,0,0,0,0,0,0,0,0,0,0,0,0,1,0,0,0,0
Annotator,BER38-14moF,000930.00.gif,2022-02-16 13:22:37,"headcam, headband",,1,1,0,0,0,0,0,0,0,0,0,0,0,0,0,0,0,0,0
Annotator,BER38-14moF,000935.01.gif,2022-02-16 13:22:38,"headcam, headband",,1,1,0,0,0,0,0,0,0,0,0,0,0,0,0,0,0,0,0
Annotator,BER38-14moF,000940.01.gif,2022-02-16 13:22:50,"headcam, headband",,1,1,0,0,0,0,0,0,0,0,0,0,0,0,0,0,0,0,0
Annotator,BER38-14moF,000945.02.gif,2022-02-16 13:23:28,,hand to jacket contact but doesn't seem like handling,1,0,0,0,0,0,0,0,0,0,0,0,0,0,1,0,0,0,0
Annotator,BER38-14moF,000950.02.gif,2022-02-16 13:23:29,,hand to jacket contact but doesn't seem like handling,1,0,0,0,0,0,0,0,0,0,0,0,0,0,1,0,0,0,0
Annotator,BER38-14moF,000955.03.gif,2022-02-16 13:23:41,,hand to jacket contact but doesn't seem like handling,1,0,0,0,0,0,0,0,0,0,0,0,0,0,1,0,0,0,0
Annotator,BER38-14moF,001000.03.gif,2022-02-16 13:23:51,,hand to jacket contact but doesn't seem like handling,1,0,0,0,0,0,0,0,0,0,0,0,0,0,1,0,0,0,0
Annotator,BER38-14moF,001005.00.gif,2022-02-16 13:24:02,,,1,0,0,0,0,0,0,0,0,0,0,0,0,0,1,0,0,0,0
Annotator,BER38-14moF,001010.01.gif,2022-02-16 13:24:13,,,1,0,0,0,0,0,0,0,0,0,0,0,0,0,1,0,0,0,0
Annotator,BER38-14moF,001015.01.gif,2022-02-16 13:24:23,,,1,0,0,0,0,0,0,0,0,0,0,0,0,0,1,0,0,0,0
Annotator,BER38-14moF,001020.02.gif,2022-02-16 13:24:40,"headcam, headband",,1,1,0,0,0,0,0,0,0,0,0,0,0,0,0,0,0,0,0
Annotator,BER38-14moF,001025.02.gif,2022-02-16 13:24:52,"headcam, headband",,1,1,0,0,0,0,0,0,0,0,0,0,0,0,0,0,0,0,0
Annotator,BER38-14moF,001030.03.gif,2022-02-16 13:25:04,"headcam, headband",,1,1,0,0,0,0,0,0,0,0,0,0,0,0,0,0,0,0,0
Annotator,BER38-14moF,001035.00.gif,2022-02-16 13:25:14,"headcam, headband",,1,1,0,0,0,0,0,0,0,0,0,0,0,0,0,0,0,0,0
Annotator,BER38-14moF,001040.01.gif,2022-02-16 13:25:24,,,1,0,0,0,0,0,0,0,0,0,0,0,0,0,1,0,0,0,0
Annotator,BER38-14moF,001045.01.gif,2022-02-16 13:25:35,,,1,0,0,0,0,0,0,0,0,0,0,0,0,0,1,0,0,0,0
Annotator,BER38-14moF,001050.02.gif,2022-02-16 13:25:48,jacket,,1,0,0,1,0,0,0,0,0,0,0,0,0,0,0,0,0,0,0
Annotator,BER38-14moF,001055.02.gif,2022-02-16 13:26:05,,,1,0,0,0,0,0,0,0,0,0,0,0,0,0,1,0,0,0,0
Annotator,BER38-14moF,001100.03.gif,2022-02-16 13:26:15,,,1,0,0,0,0,0,0,0,0,0,0,0,0,0,1,0,0,0,0
Annotator,BER38-14moF,001105.03.gif,2022-02-16 13:26:26,,,1,0,0,0,0,0,0,0,0,0,0,0,0,0,1,0,0,0,0
Annotator,BER38-14moF,001110.00.gif,2022-02-16 13:26:37,,,1,0,0,0,0,0,0,0,0,0,0,0,0,0,1,0,0,0,0
Annotator,BER38-14moF,001115.01.gif,2022-02-16 13:26:47,,,1,0,0,0,0,0,0,0,0,0,0,0,0,0,1,0,0,0,0
Annotator,BER38-14moF,001120.01.gif,2022-02-16 17:08:47,jacket,ambiguous,1,0,0,1,0,0,0,0,0,0,0,0,0,0,0,0,0,0,0
Annotator,BER38-14moF,001125.02.gif,2022-02-16 13:27:18,jacket,,1,0,0,1,0,0,0,0,0,0,0,0,0,0,0,0,0,0,0
Annotator,BER38-14moF,001130.02.gif,2022-02-16 13:27:28,jacket,,1,0,0,1,0,0,0,0,0,0,0,0,0,0,0,0,0,0,0
Annotator,BER38-14moF,001135.03.gif,2022-02-16 13:27:38,jacket,,1,0,0,1,0,0,0,0,0,0,0,0,0,0,0,0,0,0,0
Annotator,BER38-14moF,001140.03.gif,2022-02-16 13:27:48,jacket,,1,0,0,1,0,0,0,0,0,0,0,0,0,0,0,0,0,0,0
Annotator,BER38-14moF,001145.00.gif,2022-02-16 13:27:58,jacket,,1,0,0,1,0,0,0,0,0,0,0,0,0,0,0,0,0,0,0
Annotator,BER38-14moF,001150.01.gif,2022-02-16 13:28:10,jacket,,1,0,0,1,0,0,0,0,0,0,0,0,0,0,0,0,0,0,0
Annotator,BER38-14moF,001155.01.gif,2022-02-16 13:28:20,jacket,,1,0,0,1,0,0,0,0,0,0,0,0,0,0,0,0,0,0,0
Annotator,BER38-14moF,001200.02.gif,2022-02-16 13:28:30,jacket,,1,0,0,1,0,0,0,0,0,0,0,0,0,0,0,0,0,0,0
Annotator,BER38-14moF,001205.02.gif,2022-02-16 13:28:40,jacket,,1,0,0,1,0,0,0,0,0,0,0,0,0,0,0,0,0,0,0
Annotator,BER38-14moF,001210.03.gif,2022-02-16 13:28:51,jacket,,1,0,0,1,0,0,0,0,0,0,0,0,0,0,0,0,0,0,0
Annotator,BER38-14moF,001215.00.gif,2022-02-16 13:29:02,jacket,,1,0,0,1,0,0,0,0,0,0,0,0,0,0,0,0,0,0,0
Annotator,BER38-14moF,001220.01.gif,2022-02-16 13:29:19,,,1,0,0,0,0,0,0,0,0,0,0,0,0,0,1,0,0,0,0
Annotator,BER38-14moF,001225.01.gif,2022-02-16 13:29:19,,,1,0,0,0,0,0,0,0,0,0,0,0,0,0,1,0,0,0,0
Annotator,BER38-14moF,001230.02.gif,2022-02-16 13:29:31,,,1,0,0,0,0,0,0,0,0,0,0,0,0,0,1,0,0,0,0
Annotator,BER38-14moF,001235.02.gif,2022-02-16 13:29:45,jacket,,1,0,0,1,0,0,0,0,0,0,0,0,0,0,0,0,0,0,0
Annotator,BER38-14moF,001240.03.gif,2022-02-16 13:30:16,zipper,jacket zipper,1,0,0,1,0,0,0,0,0,0,0,0,0,0,0,0,0,0,0
Annotator,BER38-14moF,001245.03.gif,2022-02-16 13:30:28,zipper,jacket zipper,1,0,0,1,0,0,0,0,0,0,0,0,0,0,0,0,0,0,0
Annotator,BER38-14moF,001250.00.gif,2022-02-16 13:30:38,zipper,jacket zipper,1,0,0,1,0,0,0,0,0,0,0,0,0,0,0,0,0,0,0
Annotator,BER38-14moF,001255.01.gif,2022-02-16 13:30:49,zipper,jacket zipper,1,0,0,1,0,0,0,0,0,0,0,0,0,0,0,0,0,0,0
Annotator,BER38-14moF,001300.01.gif,2022-02-16 13:30:59,zipper,jacket zipper,1,0,0,1,0,0,0,0,0,0,0,0,0,0,0,0,0,0,0
Annotator,BER38-14moF,001305.02.gif,2022-02-16 13:31:32,,possible headcam indicating,1,0,0,0,0,0,0,0,0,0,0,0,0,0,1,0,0,0,0
Annotator,BER38-14moF,001310.02.gif,2022-02-16 13:31:33,,possible headcam indicating,1,0,0,0,0,0,0,0,0,0,0,0,0,0,1,0,0,0,0
Annotator,BER38-14moF,001315.03.gif,2022-02-16 13:31:45,,,1,0,0,0,0,0,0,0,0,0,0,0,0,0,1,0,0,0,0
Annotator,BER38-14moF,001320.03.gif,2022-02-16 13:31:55,,,1,0,0,0,0,0,0,0,0,0,0,0,0,0,1,0,0,0,0
Annotator,BER38-14moF,001325.00.gif,2022-02-16 13:32:05,,,1,0,0,0,0,0,0,0,0,0,0,0,0,0,1,0,0,0,0
Annotator,BER38-14moF,001330.01.gif,2022-02-16 13:32:14,,,1,0,0,0,0,0,0,0,0,0,0,0,0,0,1,0,0,0,0
Annotator,BER38-14moF,001335.01.gif,2022-02-16 13:32:23,,,1,0,0,0,0,0,0,0,0,0,0,0,0,0,1,0,0,0,0
Annotator,BER38-14moF,001340.02.gif,2022-02-16 13:32:35,,,1,0,0,0,0,0,0,0,0,0,0,0,0,0,1,0,0,0,0
Annotator,BER38-14moF,001345.02.gif,2022-02-16 13:32:45,,,1,0,0,0,0,0,0,0,0,0,0,0,0,0,1,0,0,0,0
Annotator,BER38-14moF,001350.03.gif,2022-02-16 13:32:55,,,1,0,0,0,0,0,0,0,0,0,0,0,0,0,1,0,0,0,0
Annotator,BER38-14moF,001355.00.gif,2022-02-16 13:33:04,,,1,0,0,0,0,0,0,0,0,0,0,0,0,0,1,0,0,0,0
Annotator,BER38-14moF,001400.01.gif,2022-02-16 13:33:14,,,1,0,0,0,0,0,0,0,0,0,0,0,0,0,1,0,0,0,0
Annotator,BER38-14moF,001405.01.gif,2022-02-16 13:33:24,,,1,0,0,0,0,0,0,0,0,0,0,0,0,0,1,0,0,0,0
Annotator,BER38-14moF,001410.02.gif,2022-02-16 13:33:33,,,1,0,0,0,0,0,0,0,0,0,0,0,0,0,1,0,0,0,0
Annotator,BER38-14moF,001415.02.gif,2022-02-16 13:33:41,,,1,0,0,0,0,0,0,0,0,0,0,0,0,0,1,0,0,0,0
Annotator,BER38-14moF,001420.03.gif,2022-02-16 13:33:51,,,1,0,0,0,0,0,0,0,0,0,0,0,0,0,1,0,0,0,0
Annotator,BER38-14moF,001425.03.gif,2022-02-16 13:34:01,,,1,0,0,0,0,0,0,0,0,0,0,0,0,0,1,0,0,0,0
Annotator,BER38-14moF,001430.00.gif,2022-02-16 13:34:11,,,1,0,0,0,0,0,0,0,0,0,0,0,0,0,1,0,0,0,0
Annotator,BER38-14moF,001435.01.gif,2022-02-16 13:34:22,,,1,0,0,0,0,0,0,0,0,0,0,0,0,0,1,0,0,0,0
Annotator,BER38-14moF,001440.01.gif,2022-02-16 13:34:33,,,1,0,0,0,0,0,0,0,0,0,0,0,0,0,1,0,0,0,0
Annotator,BER38-14moF,001445.02.gif,2022-02-16 14:08:05,,,1,0,0,0,0,0,0,0,0,0,0,0,0,0,1,0,0,0,0
Annotator,BER38-14moF,001450.02.gif,2022-02-16 14:08:16,,,1,0,0,0,0,0,0,0,0,0,0,0,0,0,1,0,0,0,0
Annotator,BER38-14moF,001455.03.gif,2022-02-16 14:09:16,tote bag,,1,0,0,1,0,0,0,0,0,0,0,0,0,0,0,0,0,0,0
Annotator,BER38-14moF,001500.03.gif,2022-02-16 14:08:55,tote bag,,1,0,0,1,0,0,0,0,0,0,0,0,0,0,0,0,0,0,0
Annotator,BER38-14moF,001505.00.gif,2022-02-16 14:09:53,,,1,0,0,0,0,0,0,0,0,0,0,0,0,0,1,0,0,0,0
Annotator,BER38-14moF,001510.01.gif,2022-02-16 14:09:55,,,1,0,0,0,0,0,0,0,0,0,0,0,0,0,1,0,0,0,0
Annotator,BER38-14moF,001515.01.gif,2022-02-16 14:10:09,tote bag,,1,0,0,1,0,0,0,0,0,0,0,0,0,0,0,0,0,0,0
Annotator,BER38-14moF,001520.02.gif,2022-02-16 14:10:45,,,1,0,0,0,0,0,0,0,0,0,0,0,0,0,1,0,0,0,0
Annotator,BER38-14moF,001525.02.gif,2022-02-16 14:10:58,tote bag,,1,0,0,1,0,0,0,0,0,0,0,0,0,0,0,0,0,0,0
Annotator,BER38-14moF,001530.03.gif,2022-02-16 14:11:25,,no contact at the moment the image was captured but handling before,1,0,0,0,0,0,0,0,0,0,0,0,0,0,1,0,0,0,0
Annotator,BER38-14moF,001535.00.gif,2022-02-16 14:11:43,toy tractor,,1,0,0,0,1,0,0,0,0,0,0,0,0,0,0,0,0,0,0
Annotator,BER38-14moF,001540.01.gif,2022-02-16 14:11:55,toy tractor,,1,0,0,0,1,0,0,0,0,0,0,0,0,0,0,0,0,0,0
Annotator,BER38-14moF,001545.01.gif,2022-02-16 14:12:55,,video makes it look like there's not actually contact,1,0,0,0,0,0,0,0,0,0,0,0,0,0,1,0,0,0,0
Annotator,BER38-14moF,001550.02.gif,2022-02-16 14:12:57,,,1,0,0,0,0,0,0,0,0,0,0,0,0,0,1,0,0,0,0
Annotator,BER38-14moF,001555.02.gif,2022-02-16 14:13:16,,,1,0,0,0,0,0,0,0,0,0,0,0,0,0,1,0,0,0,0
Annotator,BER38-14moF,001600.03.gif,2022-02-16 14:13:22,tote bag,,1,0,0,1,0,0,0,0,0,0,0,0,0,0,0,0,0,0,0
Annotator,BER38-14moF,001605.03.gif,2022-02-16 14:13:34,,,1,0,0,0,0,0,0,0,0,0,0,0,0,0,1,0,0,0,0
Annotator,BER38-14moF,001610.00.gif,2022-02-16 14:13:44,,,1,0,0,0,0,0,0,0,0,0,0,0,0,0,1,0,0,0,0
Annotator,BER38-14moF,001615.01.gif,2022-02-16 14:13:55,,,1,0,0,0,0,0,0,0,0,0,0,0,0,0,1,0,0,0,0
Annotator,BER38-14moF,001620.01.gif,2022-02-16 14:15:47,toy forklift crane,,1,0,0,0,1,0,0,0,0,0,0,0,0,0,0,0,0,0,0
Annotator,BER38-14moF,001625.02.gif,2022-02-16 14:15:57,toy forklift crane,,1,0,0,0,1,0,0,0,0,0,0,0,0,0,0,0,0,0,0
Annotator,BER38-14moF,001630.02.gif,2022-02-16 14:16:09,toy forklift crane,,1,0,0,0,1,0,0,0,0,0,0,0,0,0,0,0,0,0,0
Annotator,BER38-14moF,001635.03.gif,2022-02-16 14:16:19,toy forklift crane,,1,0,0,0,1,0,0,0,0,0,0,0,0,0,0,0,0,0,0
Annotator,BER38-14moF,001640.03.gif,2022-02-16 14:16:30,,,1,0,0,0,0,0,0,0,0,0,0,0,0,0,1,0,0,0,0
Annotator,BER38-14moF,001645.00.gif,2022-02-16 14:25:12,,,1,0,0,0,0,0,0,0,0,0,0,0,0,0,1,0,0,0,0
Annotator,BER38-14moF,001650.01.gif,2022-02-16 14:25:22,,,1,0,0,0,0,0,0,0,0,0,0,0,0,0,1,0,0,0,0
Annotator,BER38-14moF,001655.01.gif,2022-02-16 14:25:32,,,1,0,0,0,0,0,0,0,0,0,0,0,0,0,1,0,0,0,0
Annotator,BER38-14moF,001700.02.gif,2022-02-16 14:25:45,,,1,0,0,0,0,0,0,0,0,0,0,0,0,0,1,0,0,0,0
Annotator,BER38-14moF,001705.02.gif,2022-02-16 14:25:55,,,1,0,0,0,0,0,0,0,0,0,0,0,0,0,1,0,0,0,0
Annotator,BER38-14moF,001710.03.gif,2022-02-16 14:26:10,toy car,,1,0,0,0,1,0,0,0,0,0,0,0,0,0,0,0,0,0,0
Annotator,BER38-14moF,001715.00.gif,2022-02-16 14:26:58,toy truck,,1,0,0,0,1,0,0,0,0,0,0,0,0,0,0,0,0,0,0
Annotator,BER38-14moF,001720.01.gif,2022-02-16 14:26:59,toy truck,,1,0,0,0,1,0,0,0,0,0,0,0,0,0,0,0,0,0,0
Annotator,BER38-14moF,001725.01.gif,2022-02-16 14:26:59,toy truck,,1,0,0,0,1,0,0,0,0,0,0,0,0,0,0,0,0,0,0
Annotator,BER38-14moF,001730.02.gif,2022-02-16 14:27:15,toy forklift crane,,1,0,0,0,1,0,0,0,0,0,0,0,0,0,0,0,0,0,0
Annotator,BER38-14moF,001735.02.gif,2022-02-16 14:27:26,,,1,0,0,0,0,0,0,0,0,0,0,0,0,0,1,0,0,0,0
Annotator,BER38-14moF,001740.03.gif,2022-02-16 14:27:37,,,1,0,0,0,0,0,0,0,0,0,0,0,0,0,1,0,0,0,0
Annotator,BER38-14moF,001745.03.gif,2022-02-16 14:27:49,,,1,0,0,0,0,0,0,0,0,0,0,0,0,0,1,0,0,0,0
Annotator,BER38-14moF,001750.00.gif,2022-02-16 14:28:09,toy truck,,1,0,0,0,1,0,0,0,0,0,0,0,0,0,0,0,0,0,0
Annotator,BER38-14moF,001755.01.gif,2022-02-16 14:28:19,toy truck,,1,0,0,0,1,0,0,0,0,0,0,0,0,0,0,0,0,0,0
Annotator,BER38-14moF,001800.01.gif,2022-02-16 14:28:30,toy truck,,1,0,0,0,1,0,0,0,0,0,0,0,0,0,0,0,0,0,0
Annotator,BER38-14moF,001805.02.gif,2022-02-16 14:28:42,toy truck,,1,0,0,0,1,0,0,0,0,0,0,0,0,0,0,0,0,0,0
Annotator,BER38-14moF,001810.02.gif,2022-02-16 14:28:51,toy truck,,1,0,0,0,1,0,0,0,0,0,0,0,0,0,0,0,0,0,0
Annotator,BER38-14moF,001815.03.gif,2022-02-16 14:29:01,toy truck,,1,0,0,0,1,0,0,0,0,0,0,0,0,0,0,0,0,0,0
Annotator,BER38-14moF,001820.03.gif,2022-02-16 14:29:10,toy truck,,1,0,0,0,1,0,0,0,0,0,0,0,0,0,0,0,0,0,0
Annotator,BER38-14moF,001825.00.gif,2022-02-16 14:29:21,toy truck,,1,0,0,0,1,0,0,0,0,0,0,0,0,0,0,0,0,0,0
Annotator,BER38-14moF,001830.01.gif,2022-02-16 14:29:32,toy truck,,1,0,0,0,1,0,0,0,0,0,0,0,0,0,0,0,0,0,0
Annotator,BER38-14moF,001835.01.gif,2022-02-16 14:29:42,toy truck,,1,0,0,0,1,0,0,0,0,0,0,0,0,0,0,0,0,0,0
Annotator,BER38-14moF,001840.02.gif,2022-02-16 14:29:53,toy truck,,1,0,0,0,1,0,0,0,0,0,0,0,0,0,0,0,0,0,0
Annotator,BER38-14moF,001845.02.gif,2022-02-16 14:30:03,toy truck,,1,0,0,0,1,0,0,0,0,0,0,0,0,0,0,0,0,0,0
Annotator,BER38-14moF,001850.03.gif,2022-02-16 14:30:13,toy truck,,1,0,0,0,1,0,0,0,0,0,0,0,0,0,0,0,0,0,0
Annotator,BER38-14moF,001855.00.gif,2022-02-16 14:30:23,toy truck,,1,0,0,0,1,0,0,0,0,0,0,0,0,0,0,0,0,0,0
Annotator,BER38-14moF,001900.01.gif,2022-02-16 14:30:33,toy truck,,1,0,0,0,1,0,0,0,0,0,0,0,0,0,0,0,0,0,0
Annotator,BER38-14moF,001905.01.gif,2022-02-16 14:35:11,toy truck,,1,0,0,0,1,0,0,0,0,0,0,0,0,0,0,0,0,0,0
Annotator,BER38-14moF,001910.02.gif,2022-02-16 14:35:21,toy truck,,1,0,0,0,1,0,0,0,0,0,0,0,0,0,0,0,0,0,0
Annotator,BER38-14moF,001915.02.gif,2022-02-16 14:36:17,,possibly off by one image but we lose sight of the truck and the child drops it at some point,1,0,0,0,0,0,0,0,0,0,0,0,0,0,1,0,0,0,0
Annotator,BER38-14moF,001920.03.gif,2022-02-16 14:36:28,,,1,0,0,0,0,0,0,0,0,0,0,0,0,0,1,0,0,0,0
Annotator,BER38-14moF,001925.03.gif,2022-02-16 14:36:53,,,1,0,0,0,0,0,0,0,0,0,0,0,0,0,1,0,0,0,0
Annotator,BER38-14moF,001930.00.gif,2022-02-16 14:36:54,,,1,0,0,0,0,0,0,0,0,0,0,0,0,0,1,0,0,0,0
Annotator,BER38-14moF,001935.01.gif,2022-02-16 14:37:00,toy forklift crane,,1,0,0,0,1,0,0,0,0,0,0,0,0,0,0,0,0,0,0
Annotator,BER38-14moF,001940.01.gif,2022-02-16 14:37:12,toy forklift crane,,1,0,0,0,1,0,0,0,0,0,0,0,0,0,0,0,0,0,0
Annotator,BER38-14moF,001945.02.gif,2022-02-16 14:37:22,,,1,0,0,0,0,0,0,0,0,0,0,0,0,0,1,0,0,0,0
Annotator,BER38-14moF,001950.02.gif,2022-02-16 14:37:38,toy forklift crane,,1,0,0,0,1,0,0,0,0,0,0,0,0,0,0,0,0,0,0
Annotator,BER38-14moF,001955.03.gif,2022-02-16 14:37:48,toy forklift crane,,1,0,0,0,1,0,0,0,0,0,0,0,0,0,0,0,0,0,0
Annotator,BER38-14moF,002000.03.gif,2022-02-16 14:37:57,toy forklift crane,,1,0,0,0,1,0,0,0,0,0,0,0,0,0,0,0,0,0,0
Annotator,BER38-14moF,002005.00.gif,2022-02-16 14:38:08,toy forklift crane,,1,0,0,0,1,0,0,0,0,0,0,0,0,0,0,0,0,0,0
Annotator,BER38-14moF,002010.01.gif,2022-02-16 14:38:18,toy forklift crane,,1,0,0,0,1,0,0,0,0,0,0,0,0,0,0,0,0,0,0
Annotator,BER38-14moF,002015.01.gif,2022-02-16 14:38:27,,,1,0,0,0,0,0,0,0,0,0,0,0,0,0,1,0,0,0,0
Annotator,BER38-14moF,002020.02.gif,2022-02-16 14:38:37,,,1,0,0,0,0,0,0,0,0,0,0,0,0,0,1,0,0,0,0
Annotator,BER38-14moF,002025.02.gif,2022-02-16 14:38:53,toy dump truck,,1,0,0,0,1,0,0,0,0,0,0,0,0,0,0,0,0,0,0
Annotator,BER38-14moF,002030.03.gif,2022-02-16 14:39:20,toy dump truck,,1,0,0,0,1,0,0,0,0,0,0,0,0,0,0,0,0,0,0
Annotator,BER38-14moF,002035.00.gif,2022-02-16 14:39:30,toy dump truck,,1,0,0,0,1,0,0,0,0,0,0,0,0,0,0,0,0,0,0
Annotator,BER38-14moF,002040.01.gif,2022-02-16 14:39:40,toy dump truck,,1,0,0,0,1,0,0,0,0,0,0,0,0,0,0,0,0,0,0
Annotator,BER38-14moF,002045.01.gif,2022-02-16 14:40:51,toy car,reaching,1,0,0,0,1,0,0,0,0,0,0,0,0,0,0,0,0,0,0
Annotator,BER38-14moF,002050.02.gif,2022-02-16 14:40:46,toy car,,1,0,0,0,1,0,0,0,0,0,0,0,0,0,0,0,0,0,0
Annotator,BER38-14moF,002055.02.gif,2022-02-16 14:40:34,toy car,,1,0,0,0,1,0,0,0,0,0,0,0,0,0,0,0,0,0,0
Annotator,BER38-14moF,002100.03.gif,2022-02-16 14:41:12,toy forklift crane,,1,0,0,0,1,0,0,0,0,0,0,0,0,0,0,0,0,0,0
Annotator,BER38-14moF,002105.03.gif,2022-02-16 14:41:24,,,1,0,0,0,0,0,0,0,0,0,0,0,0,0,1,0,0,0,0
Annotator,BER38-14moF,002110.00.gif,2022-02-16 14:41:34,,,1,0,0,0,0,0,0,0,0,0,0,0,0,0,1,0,0,0,0
Annotator,BER38-14moF,002115.01.gif,2022-02-16 14:41:44,,,1,0,0,0,0,0,0,0,0,0,0,0,0,0,1,0,0,0,0
Annotator,BER38-14moF,002120.01.gif,2022-02-16 14:41:54,,,1,0,0,0,0,0,0,0,0,0,0,0,0,0,1,0,0,0,0
Annotator,BER38-14moF,002125.02.gif,2022-02-16 14:42:06,,,1,0,0,0,0,0,0,0,0,0,0,0,0,0,1,0,0,0,0
Annotator,BER38-14moF,002130.02.gif,2022-02-16 14:42:17,,,1,0,0,0,0,0,0,0,0,0,0,0,0,0,1,0,0,0,0
Annotator,BER38-14moF,002135.03.gif,2022-02-16 14:42:26,,,1,0,0,0,0,0,0,0,0,0,0,0,0,0,1,0,0,0,0
Annotator,BER38-14moF,002140.03.gif,2022-02-16 14:42:37,,,1,0,0,0,0,0,0,0,0,0,0,0,0,0,1,0,0,0,0
Annotator,BER38-14moF,002145.00.gif,2022-02-16 14:42:47,,,1,0,0,0,0,0,0,0,0,0,0,0,0,0,1,0,0,0,0
Annotator,BER38-14moF,002150.01.gif,2022-02-16 14:42:57,,,1,0,0,0,0,0,0,0,0,0,0,0,0,0,1,0,0,0,0
Annotator,BER38-14moF,002155.01.gif,2022-02-16 14:43:07,,,1,0,0,0,0,0,0,0,0,0,0,0,0,0,1,0,0,0,0
Annotator,BER38-14moF,002200.02.gif,2022-02-16 14:43:17,,,1,0,0,0,0,0,0,0,0,0,0,0,0,0,1,0,0,0,0
Annotator,BER38-14moF,002205.02.gif,2022-02-16 14:43:27,,,1,0,0,0,0,0,0,0,0,0,0,0,0,0,1,0,0,0,0
Annotator,BER38-14moF,002210.03.gif,2022-02-16 14:43:40,toy forklift crane,,1,0,0,0,1,0,0,0,0,0,0,0,0,0,0,0,0,0,0
Annotator,BER38-14moF,002215.00.gif,2022-02-16 14:43:58,toy forklift crane,reaching,1,0,0,0,1,0,0,0,0,0,0,0,0,0,0,0,0,0,0
Annotator,BER38-14moF,002220.01.gif,2022-02-16 14:44:08,,,1,0,0,0,0,0,0,0,0,0,0,0,0,0,1,0,0,0,0
Annotator,BER38-14moF,002225.01.gif,2022-02-16 14:44:17,,,1,0,0,0,0,0,0,0,0,0,0,0,0,0,1,0,0,0,0
Annotator,BER38-14moF,002230.02.gif,2022-02-16 14:44:28,,,1,0,0,0,0,0,0,0,0,0,0,0,0,0,1,0,0,0,0
Annotator,BER38-14moF,002235.02.gif,2022-02-16 14:44:37,,,1,0,0,0,0,0,0,0,0,0,0,0,0,0,1,0,0,0,0
Annotator,BER38-14moF,002240.03.gif,2022-02-16 14:44:54,,,1,0,0,0,0,0,0,0,0,0,0,0,0,0,1,0,0,0,0
Annotator,BER38-14moF,002245.03.gif,2022-02-16 14:45:04,,,1,0,0,0,0,0,0,0,0,0,0,0,0,0,1,0,0,0,0
Annotator,BER38-14moF,002250.00.gif,2022-02-16 14:57:06,,,1,0,0,0,0,0,0,0,0,0,0,0,0,0,1,0,0,0,0
Annotator,BER38-14moF,002255.01.gif,2022-02-16 14:57:31,,,1,0,0,0,0,0,0,0,0,0,0,0,0,0,1,0,0,0,0
Annotator,BER38-14moF,002300.01.gif,2022-02-16 14:57:41,,,1,0,0,0,0,0,0,0,0,0,0,0,0,0,1,0,0,0,0
Annotator,BER38-14moF,002305.02.gif,2022-02-16 14:57:50,,,1,0,0,0,0,0,0,0,0,0,0,0,0,0,1,0,0,0,0
Annotator,BER38-14moF,002310.02.gif,2022-02-16 14:58:04,,,1,0,0,0,0,0,0,0,0,0,0,0,0,0,1,0,0,0,0
Annotator,BER38-14moF,002315.03.gif,2022-02-16 14:58:16,,,1,0,0,0,0,0,0,0,0,0,0,0,0,0,1,0,0,0,0
Annotator,BER38-14moF,002320.03.gif,2022-02-16 14:58:23,,,1,0,0,0,0,0,0,0,0,0,0,0,0,0,1,0,0,0,0
Annotator,BER38-14moF,002325.00.gif,2022-02-16 14:58:31,,,1,0,0,0,0,0,0,0,0,0,0,0,0,0,1,0,0,0,0
Annotator,BER38-14moF,002330.01.gif,2022-02-16 14:58:42,,,1,0,0,0,0,0,0,0,0,0,0,0,0,0,1,0,0,0,0
Annotator,BER38-14moF,002335.01.gif,2022-02-16 14:58:52,,,1,0,0,0,0,0,0,0,0,0,0,0,0,0,1,0,0,0,0
Annotator,BER38-14moF,002340.02.gif,2022-02-16 14:59:04,,,1,0,0,0,0,0,0,0,0,0,0,0,0,0,1,0,0,0,0
Annotator,BER38-14moF,002345.02.gif,2022-02-16 14:59:13,,,1,0,0,0,0,0,0,0,0,0,0,0,0,0,1,0,0,0,0
Annotator,BER38-14moF,002350.03.gif,2022-02-16 14:59:22,,,1,0,0,0,0,0,0,0,0,0,0,0,0,0,1,0,0,0,0
Annotator,BER38-14moF,002355.00.gif,2022-02-16 14:59:31,,,1,0,0,0,0,0,0,0,0,0,0,0,0,0,1,0,0,0,0
Annotator,BER38-14moF,002400.01.gif,2022-02-16 14:59:42,,,1,0,0,0,0,0,0,0,0,0,0,0,0,0,1,0,0,0,0
Annotator,BER38-14moF,002405.01.gif,2022-02-16 15:00:01,,,1,0,0,0,0,0,0,0,0,0,0,0,0,0,1,0,0,0,0
Annotator,BER38-14moF,002410.02.gif,2022-02-16 15:00:17,,,1,0,0,0,0,0,0,0,0,0,0,0,0,0,1,0,0,0,0
Annotator,BER38-14moF,002415.02.gif,2022-02-16 15:00:26,,,1,0,0,0,0,0,0,0,0,0,0,0,0,0,1,0,0,0,0
Annotator,BER38-14moF,002420.03.gif,2022-02-16 15:00:40,,,1,0,0,0,0,0,0,0,0,0,0,0,0,0,1,0,0,0,0
Annotator,BER38-14moF,002425.03.gif,2022-02-16 15:00:51,,,1,0,0,0,0,0,0,0,0,0,0,0,0,0,1,0,0,0,0
Annotator,BER38-14moF,002430.00.gif,2022-02-16 15:01:01,,,1,0,0,0,0,0,0,0,0,0,0,0,0,0,1,0,0,0,0
Annotator,BER38-14moF,002435.01.gif,2022-02-16 15:01:11,,,1,0,0,0,0,0,0,0,0,0,0,0,0,0,1,0,0,0,0
Annotator,BER38-14moF,002440.01.gif,2022-02-16 15:01:21,,,1,0,0,0,0,0,0,0,0,0,0,0,0,0,1,0,0,0,0
Annotator,BER38-14moF,002445.02.gif,2022-02-16 15:01:31,,,1,0,0,0,0,0,0,0,0,0,0,0,0,0,1,0,0,0,0
Annotator,BER38-14moF,002450.02.gif,2022-02-16 15:01:50,toy car,reaching,1,0,0,0,1,0,0,0,0,0,0,0,0,0,0,0,0,0,0
Annotator,BER38-14moF,002455.03.gif,2022-02-16 15:02:01,,,1,0,0,0,0,0,0,0,0,0,0,0,0,0,1,0,0,0,0
Annotator,BER38-14moF,002500.03.gif,2022-02-16 15:05:00,,,1,0,0,0,0,0,0,0,0,0,0,0,0,0,1,0,0,0,0
Annotator,BER38-14moF,002505.00.gif,2022-02-16 15:05:12,,,1,0,0,0,0,0,0,0,0,0,0,0,0,0,1,0,0,0,0
Annotator,BER38-14moF,002510.01.gif,2022-02-16 15:05:21,,,1,0,0,0,0,0,0,0,0,0,0,0,0,0,1,0,0,0,0
Annotator,BER38-14moF,002515.01.gif,2022-02-16 15:05:30,,,1,0,0,0,0,0,0,0,0,0,0,0,0,0,1,0,0,0,0
Annotator,BER38-14moF,002520.02.gif,2022-02-16 15:05:40,,,1,0,0,0,0,0,0,0,0,0,0,0,0,0,1,0,0,0,0
Annotator,BER38-14moF,002525.02.gif,2022-02-16 15:05:51,,,1,0,0,0,0,0,0,0,0,0,0,0,0,0,1,0,0,0,0
Annotator,BER38-14moF,002530.03.gif,2022-02-16 15:08:38,,,1,0,0,0,0,0,0,0,0,0,0,0,0,0,1,0,0,0,0
Annotator,BER38-14moF,002535.00.gif,2022-02-16 15:08:39,,,1,0,0,0,0,0,0,0,0,0,0,0,0,0,1,0,0,0,0
Annotator,BER38-14moF,002540.01.gif,2022-02-16 15:08:40,,,1,0,0,0,0,0,0,0,0,0,0,0,0,0,1,0,0,0,0
Annotator,BER38-14moF,002545.01.gif,2022-02-16 15:08:40,,,1,0,0,0,0,0,0,0,0,0,0,0,0,0,1,0,0,0,0
Annotator,BER38-14moF,002550.02.gif,2022-02-16 15:08:41,,,1,0,0,0,0,0,0,0,0,0,0,0,0,0,1,0,0,0,0
Annotator,BER38-14moF,002555.02.gif,2022-02-16 15:08:41,,,1,0,0,0,0,0,0,0,0,0,0,0,0,0,1,0,0,0,0
Annotator,BER38-14moF,002600.03.gif,2022-02-16 15:08:42,,,1,0,0,0,0,0,0,0,0,0,0,0,0,0,1,0,0,0,0
Annotator,BER38-14moF,002605.03.gif,2022-02-16 15:08:42,,,1,0,0,0,0,0,0,0,0,0,0,0,0,0,1,0,0,0,0
Annotator,BER38-14moF,002610.00.gif,2022-02-16 15:08:42,,,1,0,0,0,0,0,0,0,0,0,0,0,0,0,1,0,0,0,0
Annotator,BER38-14moF,002615.01.gif,2022-02-16 15:08:43,,,1,0,0,0,0,0,0,0,0,0,0,0,0,0,1,0,0,0,0
Annotator,BER38-14moF,002620.01.gif,2022-02-16 15:08:43,,,1,0,0,0,0,0,0,0,0,0,0,0,0,0,1,0,0,0,0
Annotator,BER38-14moF,002625.02.gif,2022-02-16 15:08:44,,,1,0,0,0,0,0,0,0,0,0,0,0,0,0,1,0,0,0,0
Annotator,BER38-14moF,002630.02.gif,2022-02-16 15:08:44,,,1,0,0,0,0,0,0,0,0,0,0,0,0,0,1,0,0,0,0
Annotator,BER38-14moF,002635.03.gif,2022-02-16 15:08:45,,,1,0,0,0,0,0,0,0,0,0,0,0,0,0,1,0,0,0,0
Annotator,BER38-14moF,002640.03.gif,2022-02-16 15:08:45,,,1,0,0,0,0,0,0,0,0,0,0,0,0,0,1,0,0,0,0
Annotator,BER38-14moF,002645.00.gif,2022-02-16 15:08:45,,,1,0,0,0,0,0,0,0,0,0,0,0,0,0,1,0,0,0,0
Annotator,BER38-14moF,002650.01.gif,2022-02-16 15:08:46,,,1,0,0,0,0,0,0,0,0,0,0,0,0,0,1,0,0,0,0
Annotator,BER38-14moF,002655.01.gif,2022-02-16 15:08:46,,,1,0,0,0,0,0,0,0,0,0,0,0,0,0,1,0,0,0,0
Annotator,BER38-14moF,002700.02.gif,2022-02-16 15:08:47,,,1,0,0,0,0,0,0,0,0,0,0,0,0,0,1,0,0,0,0
Annotator,BER38-14moF,002705.02.gif,2022-02-16 15:08:47,,,1,0,0,0,0,0,0,0,0,0,0,0,0,0,1,0,0,0,0
Annotator,BER38-14moF,002710.03.gif,2022-02-16 15:08:48,,,1,0,0,0,0,0,0,0,0,0,0,0,0,0,1,0,0,0,0
Annotator,BER38-14moF,002715.00.gif,2022-02-16 15:09:01,toy forklift crane,,1,0,0,0,1,0,0,0,0,0,0,0,0,0,0,0,0,0,0
Annotator,BER38-14moF,002720.01.gif,2022-02-16 15:09:30,toy forklift crane,reaching,1,0,0,0,1,0,0,0,0,0,0,0,0,0,0,0,0,0,0
Annotator,BER38-14moF,002725.01.gif,2022-02-16 15:09:34,toy forklift crane,,1,0,0,0,1,0,0,0,0,0,0,0,0,0,0,0,0,0,0
Annotator,BER38-14moF,002730.02.gif,2022-02-16 15:09:48,toy forklift crane,,1,0,0,0,1,0,0,0,0,0,0,0,0,0,0,0,0,0,0
Annotator,BER38-14moF,002735.02.gif,2022-02-16 15:10:42,"toy forklift crane, toy wood triangle block",,1,0,0,0,1,0,0,0,0,0,0,0,0,0,0,0,0,0,0
Annotator,BER38-14moF,002740.03.gif,2022-02-16 15:10:46,"toy forklift crane, toy wood triangle block",,1,0,0,0,1,0,0,0,0,0,0,0,0,0,0,0,0,0,0
Annotator,BER38-14moF,002745.03.gif,2022-02-16 15:11:05,toy forklift crane,,1,0,0,0,1,0,0,0,0,0,0,0,0,0,0,0,0,0,0
Annotator,BER38-14moF,002750.00.gif,2022-02-16 15:11:18,,,1,0,0,0,0,0,0,0,0,0,0,0,0,0,1,0,0,0,0
Annotator,BER38-14moF,002755.01.gif,2022-02-16 15:11:30,,,1,0,0,0,0,0,0,0,0,0,0,0,0,0,1,0,0,0,0
Annotator,BER38-14moF,002800.01.gif,2022-02-16 15:11:41,,,1,0,0,0,0,0,0,0,0,0,0,0,0,0,1,0,0,0,0
Annotator,BER38-14moF,002805.02.gif,2022-02-16 15:11:58,toy forklift crane,,1,0,0,0,1,0,0,0,0,0,0,0,0,0,0,0,0,0,0
Annotator,BER38-14moF,002810.02.gif,2022-02-16 15:12:10,,,1,0,0,0,0,0,0,0,0,0,0,0,0,0,1,0,0,0,0
Annotator,BER38-14moF,002815.03.gif,2022-02-16 15:12:21,,,1,0,0,0,0,0,0,0,0,0,0,0,0,0,1,0,0,0,0
Annotator,BER38-14moF,002820.03.gif,2022-02-16 15:12:30,,,1,0,0,0,0,0,0,0,0,0,0,0,0,0,1,0,0,0,0
Annotator,BER38-14moF,002825.00.gif,2022-02-16 15:12:47,toy forklift crane,,1,0,0,0,1,0,0,0,0,0,0,0,0,0,0,0,0,0,0
Annotator,BER38-14moF,002830.01.gif,2022-02-16 15:13:16,,,1,0,0,0,0,0,0,0,0,0,0,0,0,0,1,0,0,0,0
Annotator,BER38-14moF,002835.01.gif,2022-02-16 15:13:17,,,1,0,0,0,0,0,0,0,0,0,0,0,0,0,1,0,0,0,0
Annotator,BER38-14moF,002840.02.gif,2022-02-16 15:14:16,,possible contact with phone here but not visible,1,0,0,0,0,0,0,0,0,0,0,0,0,0,1,0,0,0,0
Annotator,BER38-14moF,002845.02.gif,2022-02-16 15:13:36,phone,,1,0,0,0,0,0,1,0,0,0,0,0,0,0,0,0,0,0,0
Annotator,BER38-14moF,002850.03.gif,2022-02-16 15:15:39,,possibly still phone but not visible and child puts it down at some point,1,0,0,0,0,0,0,0,0,0,0,0,0,0,1,0,0,0,0
Annotator,BER38-14moF,002855.03.gif,2022-02-16 15:15:52,,possibly still phone but not visible and child puts it down at some point,1,0,0,0,0,0,0,0,0,0,0,0,0,0,1,0,0,0,0
Annotator,BER38-14moF,002900.00.gif,2022-02-16 15:16:26,,probably wood block but not visible,1,0,0,0,0,0,0,0,0,0,0,0,0,0,0,1,0,0,0
Annotator,BER38-14moF,002905.01.gif,2022-02-16 15:16:46,phone,reaching,1,0,0,0,0,0,1,0,0,0,0,0,0,0,0,0,0,0,0
Annotator,BER38-14moF,002910.01.gif,2022-02-16 15:17:01,phone,,1,0,0,0,0,0,1,0,0,0,0,0,0,0,0,0,0,0,0
Annotator,BER38-14moF,002915.02.gif,2022-02-16 15:17:13,phone,,1,0,0,0,0,0,1,0,0,0,0,0,0,0,0,0,0,0,0
Annotator,BER38-14moF,002920.02.gif,2022-02-16 15:17:24,,,1,0,0,0,0,0,0,0,0,0,0,0,0,0,1,0,0,0,0
Annotator,BER38-14moF,002925.03.gif,2022-02-16 15:17:35,,,1,0,0,0,0,0,0,0,0,0,0,0,0,0,1,0,0,0,0
Annotator,BER38-14moF,002930.00.gif,2022-02-16 15:17:45,,,1,0,0,0,0,0,0,0,0,0,0,0,0,0,1,0,0,0,0
Annotator,BER38-14moF,002935.01.gif,2022-02-16 15:17:53,,,1,0,0,0,0,0,0,0,0,0,0,0,0,0,1,0,0,0,0
Annotator,BER38-14moF,002940.01.gif,2022-02-16 15:18:03,,,1,0,0,0,0,0,0,0,0,0,0,0,0,0,1,0,0,0,0
Annotator,BER38-14moF,002945.02.gif,2022-02-16 15:18:13,,,1,0,0,0,0,0,0,0,0,0,0,0,0,0,1,0,0,0,0
Annotator,BER38-14moF,002950.02.gif,2022-02-16 15:18:24,,,1,0,0,0,0,0,0,0,0,0,0,0,0,0,1,0,0,0,0
Annotator,BER38-14moF,002955.03.gif,2022-02-16 15:18:33,,,1,0,0,0,0,0,0,0,0,0,0,0,0,0,1,0,0,0,0
Annotator,BER38-14moF,003000.03.gif,2022-02-16 15:18:44,,,1,0,0,0,0,0,0,0,0,0,0,0,0,0,1,0,0,0,0
Annotator,BER38-14moF,003005.00.gif,2022-02-16 15:18:53,,,1,0,0,0,0,0,0,0,0,0,0,0,0,0,1,0,0,0,0
Annotator,BER38-14moF,003010.01.gif,2022-02-16 15:19:03,,,1,0,0,0,0,0,0,0,0,0,0,0,0,0,1,0,0,0,0
Annotator,BER38-14moF,003015.01.gif,2022-02-16 15:19:14,,,1,0,0,0,0,0,0,0,0,0,0,0,0,0,1,0,0,0,0
Annotator,BER38-14moF,003020.02.gif,2022-02-16 15:19:24,,,1,0,0,0,0,0,0,0,0,0,0,0,0,0,1,0,0,0,0
Annotator,BER38-14moF,003025.02.gif,2022-02-16 15:19:32,,,1,0,0,0,0,0,0,0,0,0,0,0,0,0,1,0,0,0,0
Annotator,BER38-14moF,003030.03.gif,2022-02-16 15:19:40,,,1,0,0,0,0,0,0,0,0,0,0,0,0,0,1,0,0,0,0
Annotator,BER38-14moF,003035.03.gif,2022-02-16 15:19:49,,,1,0,0,0,0,0,0,0,0,0,0,0,0,0,1,0,0,0,0
Annotator,BER38-14moF,003040.00.gif,2022-02-16 15:19:58,,,1,0,0,0,0,0,0,0,0,0,0,0,0,0,1,0,0,0,0
Annotator,BER38-14moF,003045.01.gif,2022-02-16 15:20:07,,,1,0,0,0,0,0,0,0,0,0,0,0,0,0,1,0,0,0,0
Annotator,BER38-14moF,003050.01.gif,2022-02-16 15:22:15,,,1,0,0,0,0,0,0,0,0,0,0,0,0,0,1,0,0,0,0
Annotator,BER38-14moF,003055.02.gif,2022-02-16 15:22:24,,,1,0,0,0,0,0,0,0,0,0,0,0,0,0,1,0,0,0,0
Annotator,BER38-14moF,003100.02.gif,2022-02-16 15:22:34,,,1,0,0,0,0,0,0,0,0,0,0,0,0,0,1,0,0,0,0
Annotator,BER38-14moF,003105.03.gif,2022-02-16 15:22:46,,,1,0,0,0,0,0,0,0,0,0,0,0,0,0,1,0,0,0,0
Annotator,BER38-14moF,003110.00.gif,2022-02-16 15:22:55,,,1,0,0,0,0,0,0,0,0,0,0,0,0,0,1,0,0,0,0
Annotator,BER38-14moF,003115.01.gif,2022-02-16 15:23:03,,,1,0,0,0,0,0,0,0,0,0,0,0,0,0,1,0,0,0,0
Annotator,BER38-14moF,003120.01.gif,2022-02-16 15:23:13,,,1,0,0,0,0,0,0,0,0,0,0,0,0,0,1,0,0,0,0
Annotator,BER38-14moF,003125.02.gif,2022-02-16 15:23:21,,,1,0,0,0,0,0,0,0,0,0,0,0,0,0,1,0,0,0,0
Annotator,BER38-14moF,003130.02.gif,2022-02-16 15:23:31,,,1,0,0,0,0,0,0,0,0,0,0,0,0,0,1,0,0,0,0
Annotator,BER38-14moF,003135.03.gif,2022-02-16 15:23:42,,,1,0,0,0,0,0,0,0,0,0,0,0,0,0,1,0,0,0,0
Annotator,BER38-14moF,003140.03.gif,2022-02-16 15:23:51,,,1,0,0,0,0,0,0,0,0,0,0,0,0,0,1,0,0,0,0
Annotator,BER38-14moF,003145.00.gif,2022-02-16 15:26:06,,,1,0,0,0,0,0,0,0,0,0,0,0,0,0,1,0,0,0,0
Annotator,BER38-14moF,003150.01.gif,2022-02-16 15:26:07,,,1,0,0,0,0,0,0,0,0,0,0,0,0,0,1,0,0,0,0
Annotator,BER38-14moF,003155.01.gif,2022-02-16 15:26:07,,,1,0,0,0,0,0,0,0,0,0,0,0,0,0,1,0,0,0,0
Annotator,BER38-14moF,003200.02.gif,2022-02-16 15:26:07,,,1,0,0,0,0,0,0,0,0,0,0,0,0,0,1,0,0,0,0
Annotator,BER38-14moF,003205.02.gif,2022-02-16 15:26:07,,,1,0,0,0,0,0,0,0,0,0,0,0,0,0,1,0,0,0,0
Annotator,BER38-14moF,003210.03.gif,2022-02-16 15:26:08,,,1,0,0,0,0,0,0,0,0,0,0,0,0,0,1,0,0,0,0
Annotator,BER38-14moF,003215.03.gif,2022-02-16 15:26:10,,,1,0,0,0,0,0,0,0,0,0,0,0,0,0,1,0,0,0,0
Annotator,BER38-14moF,003220.00.gif,2022-02-16 15:26:11,,,1,0,0,0,0,0,0,0,0,0,0,0,0,0,1,0,0,0,0
Annotator,BER38-14moF,003225.01.gif,2022-02-16 15:26:11,,,1,0,0,0,0,0,0,0,0,0,0,0,0,0,1,0,0,0,0
Annotator,BER38-14moF,003230.01.gif,2022-02-16 15:26:12,,,1,0,0,0,0,0,0,0,0,0,0,0,0,0,1,0,0,0,0
Annotator,BER38-14moF,003235.02.gif,2022-02-16 15:26:12,,,1,0,0,0,0,0,0,0,0,0,0,0,0,0,1,0,0,0,0
Annotator,BER38-14moF,003240.02.gif,2022-02-16 15:26:13,,,1,0,0,0,0,0,0,0,0,0,0,0,0,0,1,0,0,0,0
Annotator,BER38-14moF,003245.03.gif,2022-02-16 15:26:13,,,1,0,0,0,0,0,0,0,0,0,0,0,0,0,1,0,0,0,0
Annotator,BER38-14moF,003250.00.gif,2022-02-16 15:26:14,,,1,0,0,0,0,0,0,0,0,0,0,0,0,0,1,0,0,0,0
Annotator,BER38-14moF,003255.01.gif,2022-02-16 15:26:14,,,1,0,0,0,0,0,0,0,0,0,0,0,0,0,1,0,0,0,0
Annotator,BER38-14moF,003300.01.gif,2022-02-16 15:26:15,,,1,0,0,0,0,0,0,0,0,0,0,0,0,0,1,0,0,0,0
Annotator,BER38-14moF,003305.02.gif,2022-02-16 15:26:15,,,1,0,0,0,0,0,0,0,0,0,0,0,0,0,1,0,0,0,0
Annotator,BER38-14moF,003310.02.gif,2022-02-16 15:26:17,,,1,0,0,0,0,0,0,0,0,0,0,0,0,0,1,0,0,0,0
Annotator,BER38-14moF,003315.03.gif,2022-02-16 15:26:18,,,1,0,0,0,0,0,0,0,0,0,0,0,0,0,1,0,0,0,0
Annotator,BER38-14moF,003320.03.gif,2022-02-16 15:26:19,,,1,0,0,0,0,0,0,0,0,0,0,0,0,0,1,0,0,0,0
Annotator,BER38-14moF,003325.00.gif,2022-02-16 15:26:19,,,1,0,0,0,0,0,0,0,0,0,0,0,0,0,1,0,0,0,0
Annotator,BER38-14moF,003330.01.gif,2022-02-16 15:26:20,,,1,0,0,0,0,0,0,0,0,0,0,0,0,0,1,0,0,0,0
Annotator,BER38-14moF,003335.01.gif,2022-02-16 15:26:20,,,1,0,0,0,0,0,0,0,0,0,0,0,0,0,1,0,0,0,0
Annotator,BER38-14moF,003340.02.gif,2022-02-16 15:26:21,,,1,0,0,0,0,0,0,0,0,0,0,0,0,0,1,0,0,0,0
Annotator,BER38-14moF,003345.02.gif,2022-02-16 15:26:22,,,1,0,0,0,0,0,0,0,0,0,0,0,0,0,1,0,0,0,0
Annotator,BER38-14moF,003350.03.gif,2022-02-16 15:26:23,,,1,0,0,0,0,0,0,0,0,0,0,0,0,0,1,0,0,0,0
Annotator,BER38-14moF,003355.03.gif,2022-02-16 15:26:23,,,1,0,0,0,0,0,0,0,0,0,0,0,0,0,1,0,0,0,0
Annotator,BER38-14moF,003400.00.gif,2022-02-16 15:26:24,,,1,0,0,0,0,0,0,0,0,0,0,0,0,0,1,0,0,0,0
Annotator,BER38-14moF,003405.01.gif,2022-02-16 15:26:26,,,1,0,0,0,0,0,0,0,0,0,0,0,0,0,1,0,0,0,0
Annotator,BER38-14moF,003410.01.gif,2022-02-16 15:26:26,,,1,0,0,0,0,0,0,0,0,0,0,0,0,0,1,0,0,0,0
Annotator,BER38-14moF,003415.02.gif,2022-02-16 15:27:01,,,1,0,0,0,0,0,0,0,0,0,0,0,0,0,1,0,0,0,0
Annotator,BER38-14moF,003420.02.gif,2022-02-16 15:27:02,,,1,0,0,0,0,0,0,0,0,0,0,0,0,0,1,0,0,0,0
Annotator,BER38-14moF,003425.03.gif,2022-02-16 15:27:02,,,1,0,0,0,0,0,0,0,0,0,0,0,0,0,1,0,0,0,0
Annotator,BER38-14moF,003430.00.gif,2022-02-16 15:27:02,,,1,0,0,0,0,0,0,0,0,0,0,0,0,0,1,0,0,0,0
Annotator,BER38-14moF,003435.01.gif,2022-02-16 15:27:03,,,1,0,0,0,0,0,0,0,0,0,0,0,0,0,1,0,0,0,0
Annotator,BER38-14moF,003440.01.gif,2022-02-16 15:27:03,,,1,0,0,0,0,0,0,0,0,0,0,0,0,0,1,0,0,0,0
Annotator,BER38-14moF,003445.02.gif,2022-02-16 15:27:04,,,1,0,0,0,0,0,0,0,0,0,0,0,0,0,1,0,0,0,0
Annotator,BER38-14moF,003450.02.gif,2022-02-16 15:27:06,,,1,0,0,0,0,0,0,0,0,0,0,0,0,0,1,0,0,0,0
Annotator,BER38-14moF,003455.03.gif,2022-02-16 15:27:06,,,1,0,0,0,0,0,0,0,0,0,0,0,0,0,1,0,0,0,0
Annotator,BER38-14moF,003500.03.gif,2022-02-16 15:27:06,,,1,0,0,0,0,0,0,0,0,0,0,0,0,0,1,0,0,0,0
Annotator,BER38-14moF,003505.00.gif,2022-02-16 15:28:26,,,1,0,0,0,0,0,0,0,0,0,0,0,0,0,1,0,0,0,0
Annotator,BER38-14moF,003510.01.gif,2022-02-16 15:28:27,,,1,0,0,0,0,0,0,0,0,0,0,0,0,0,1,0,0,0,0
Annotator,BER38-14moF,003515.01.gif,2022-02-16 15:28:27,,,1,0,0,0,0,0,0,0,0,0,0,0,0,0,1,0,0,0,0
Annotator,BER38-14moF,003520.02.gif,2022-02-16 15:28:28,,,1,0,0,0,0,0,0,0,0,0,0,0,0,0,1,0,0,0,0
Annotator,BER38-14moF,003525.02.gif,2022-02-16 15:28:28,,,1,0,0,0,0,0,0,0,0,0,0,0,0,0,1,0,0,0,0
Annotator,BER38-14moF,003530.03.gif,2022-02-16 15:28:29,,,1,0,0,0,0,0,0,0,0,0,0,0,0,0,1,0,0,0,0
Annotator,BER38-14moF,003535.03.gif,2022-02-16 15:28:29,,,1,0,0,0,0,0,0,0,0,0,0,0,0,0,1,0,0,0,0
Annotator,BER38-14moF,003540.00.gif,2022-02-16 15:28:34,,,1,0,0,0,0,0,0,0,0,0,0,0,0,0,1,0,0,0,0
Annotator,BER38-14moF,003545.01.gif,2022-02-16 15:28:36,,,1,0,0,0,0,0,0,0,0,0,0,0,0,0,1,0,0,0,0
Annotator,BER38-14moF,003550.01.gif,2022-02-16 15:28:37,,,1,0,0,0,0,0,0,0,0,0,0,0,0,0,1,0,0,0,0
Annotator,BER38-14moF,003555.02.gif,2022-02-16 15:28:37,,,1,0,0,0,0,0,0,0,0,0,0,0,0,0,1,0,0,0,0
Annotator,BER38-14moF,003600.02.gif,2022-02-16 15:28:38,,,1,0,0,0,0,0,0,0,0,0,0,0,0,0,1,0,0,0,0
Annotator,BER38-14moF,003605.03.gif,2022-02-16 15:28:42,,,1,0,0,0,0,0,0,0,0,0,0,0,0,0,1,0,0,0,0
Annotator,BER38-14moF,003610.00.gif,2022-02-16 15:28:42,,,1,0,0,0,0,0,0,0,0,0,0,0,0,0,1,0,0,0,0
Annotator,BER38-14moF,003615.01.gif,2022-02-16 15:28:43,,,1,0,0,0,0,0,0,0,0,0,0,0,0,0,1,0,0,0,0
Annotator,BER38-14moF,003620.01.gif,2022-02-16 15:28:43,,,1,0,0,0,0,0,0,0,0,0,0,0,0,0,1,0,0,0,0
Annotator,BER38-14moF,003625.02.gif,2022-02-16 15:28:44,,,1,0,0,0,0,0,0,0,0,0,0,0,0,0,1,0,0,0,0
Annotator,BER38-14moF,003630.02.gif,2022-02-16 15:28:56,,,1,0,0,0,0,0,0,0,0,0,0,0,0,0,1,0,0,0,0
Annotator,BER38-14moF,003635.03.gif,2022-02-16 15:28:57,,,1,0,0,0,0,0,0,0,0,0,0,0,0,0,1,0,0,0,0
Annotator,BER38-14moF,003640.03.gif,2022-02-16 15:28:58,,,1,0,0,0,0,0,0,0,0,0,0,0,0,0,1,0,0,0,0
Annotator,BER38-14moF,003645.00.gif,2022-02-16 15:28:58,,,1,0,0,0,0,0,0,0,0,0,0,0,0,0,1,0,0,0,0
Annotator,BER38-14moF,003650.01.gif,2022-02-16 15:29:16,jacket,,1,0,0,1,0,0,0,0,0,0,0,0,0,0,0,0,0,0,0
Annotator,BER38-14moF,003655.01.gif,2022-02-16 15:29:25,jacket,,1,0,0,1,0,0,0,0,0,0,0,0,0,0,0,0,0,0,0
Annotator,BER38-14moF,003700.02.gif,2022-02-16 15:29:33,jacket,,1,0,0,1,0,0,0,0,0,0,0,0,0,0,0,0,0,0,0
Annotator,BER38-14moF,003705.02.gif,2022-02-16 15:29:43,jacket,,1,0,0,1,0,0,0,0,0,0,0,0,0,0,0,0,0,0,0
Annotator,BER38-14moF,003710.03.gif,2022-02-16 15:29:54,jacket,,1,0,0,1,0,0,0,0,0,0,0,0,0,0,0,0,0,0,0
Annotator,BER38-14moF,003715.03.gif,2022-02-16 16:36:57,jacket,,1,0,0,1,0,0,0,0,0,0,0,0,0,0,0,0,0,0,0
Annotator,BER38-14moF,003720.00.gif,2022-02-16 16:37:05,,,1,0,0,0,0,0,0,0,0,0,0,0,0,0,1,0,0,0,0
Annotator,BER38-14moF,003725.01.gif,2022-02-16 16:37:12,,,1,0,0,0,0,0,0,0,0,0,0,0,0,0,1,0,0,0,0
Annotator,BER38-14moF,003730.01.gif,2022-02-16 16:38:20,,,1,0,0,0,0,0,0,0,0,0,0,0,0,0,1,0,0,0,0
Annotator,BER38-14moF,003735.02.gif,2022-02-16 16:38:20,,,1,0,0,0,0,0,0,0,0,0,0,0,0,0,1,0,0,0,0
Annotator,BER38-14moF,003740.02.gif,2022-02-16 16:38:21,,,1,0,0,0,0,0,0,0,0,0,0,0,0,0,1,0,0,0,0
Annotator,BER38-14moF,003745.03.gif,2022-02-16 16:38:21,,,1,0,0,0,0,0,0,0,0,0,0,0,0,0,1,0,0,0,0
Annotator,BER38-14moF,003750.00.gif,2022-02-16 16:38:22,,,1,0,0,0,0,0,0,0,0,0,0,0,0,0,1,0,0,0,0
Annotator,BER38-14moF,003755.01.gif,2022-02-16 16:38:23,,,1,0,0,0,0,0,0,0,0,0,0,0,0,0,1,0,0,0,0
Annotator,BER38-14moF,003800.01.gif,2022-02-16 16:39:28,couch,climbing,1,0,0,0,0,0,0,0,0,0,0,1,0,0,0,0,0,0,0
Annotator,BER38-14moF,003805.02.gif,2022-02-16 16:39:31,couch,climbing,1,0,0,0,0,0,0,0,0,0,0,1,0,0,0,0,0,0,0
Annotator,BER38-14moF,003810.02.gif,2022-02-16 16:41:59,,"hands on couch, no longer climbing",1,0,0,0,0,0,0,0,0,0,0,0,0,0,1,0,0,0,0
Annotator,BER38-14moF,003815.03.gif,2022-02-16 16:42:12,,"hands on couch, no longer climbing",1,0,0,0,0,0,0,0,0,0,0,0,0,0,1,0,0,0,0
Annotator,BER38-14moF,003820.03.gif,2022-02-16 16:42:20,,"hands on couch, no longer climbing",1,0,0,0,0,0,0,0,0,0,0,0,0,0,1,0,0,0,0
Annotator,BER38-14moF,003825.00.gif,2022-02-16 16:42:47,stuffed ballerina,,1,0,0,0,1,0,0,0,0,0,0,0,0,0,0,0,0,0,0
Annotator,BER38-14moF,003830.01.gif,2022-02-16 16:43:10,,,1,0,0,0,0,0,0,0,0,0,0,0,0,0,1,0,0,0,0
Annotator,BER38-14moF,003835.01.gif,2022-02-16 16:43:11,,,1,0,0,0,0,0,0,0,0,0,0,0,0,0,1,0,0,0,0
Annotator,BER38-14moF,003840.02.gif,2022-02-16 16:43:20,,,1,0,0,0,0,0,0,0,0,0,0,0,0,0,1,0,0,0,0
Annotator,BER38-14moF,003845.02.gif,2022-02-16 16:43:28,,,1,0,0,0,0,0,0,0,0,0,0,0,0,0,1,0,0,0,0
Annotator,BER38-14moF,003850.03.gif,2022-02-16 16:43:36,,,1,0,0,0,0,0,0,0,0,0,0,0,0,0,1,0,0,0,0
Annotator,BER38-14moF,003855.03.gif,2022-02-16 16:43:43,,,1,0,0,0,0,0,0,0,0,0,0,0,0,0,1,0,0,0,0
Annotator,BER38-14moF,003900.00.gif,2022-02-16 16:43:51,,,1,0,0,0,0,0,0,0,0,0,0,0,0,0,1,0,0,0,0
Annotator,BER38-14moF,003905.01.gif,2022-02-16 16:44:01,,,1,0,0,0,0,0,0,0,0,0,0,0,0,0,1,0,0,0,0
Annotator,BER38-14moF,003910.01.gif,2022-02-16 16:44:14,,,1,0,0,0,0,0,0,0,0,0,0,0,0,0,1,0,0,0,0
Annotator,BER38-14moF,003915.02.gif,2022-02-16 16:44:22,,,1,0,0,0,0,0,0,0,0,0,0,0,0,0,1,0,0,0,0
Annotator,BER38-14moF,003920.02.gif,2022-02-16 16:44:37,couch,climbing,1,0,0,0,0,0,0,0,0,0,0,1,0,0,0,0,0,0,0
Annotator,BER38-14moF,003925.03.gif,2022-02-16 16:44:45,couch,climbing,1,0,0,0,0,0,0,0,0,0,0,1,0,0,0,0,0,0,0
Annotator,BER38-14moF,003930.00.gif,2022-02-16 16:44:59,couch,climbing,1,0,0,0,0,0,0,0,0,0,0,1,0,0,0,0,0,0,0
Annotator,BER38-14moF,003935.01.gif,2022-02-16 16:45:19,couch,climbing,1,0,0,0,0,0,0,0,0,0,0,1,0,0,0,0,0,0,0
Annotator,BER38-14moF,003940.01.gif,2022-02-16 16:45:19,couch,climbing,1,0,0,0,0,0,0,0,0,0,0,1,0,0,0,0,0,0,0
Annotator,BER38-14moF,003945.02.gif,2022-02-16 16:45:27,couch,climbing,1,0,0,0,0,0,0,0,0,0,0,1,0,0,0,0,0,0,0
Annotator,BER38-14moF,003950.02.gif,2022-02-16 16:45:50,,"couch, not actively climbing",1,0,0,0,0,0,0,0,0,0,0,0,0,0,1,0,0,0,0
Annotator,BER38-14moF,003955.03.gif,2022-02-16 16:45:51,,"couch, not actively climbing",1,0,0,0,0,0,0,0,0,0,0,0,0,0,1,0,0,0,0
Annotator,BER38-14moF,004000.03.gif,2022-02-16 16:45:58,,,1,0,0,0,0,0,0,0,0,0,0,0,0,0,1,0,0,0,0
Annotator,BER38-14moF,004005.00.gif,2022-02-16 16:46:06,,,1,0,0,0,0,0,0,0,0,0,0,0,0,0,1,0,0,0,0
Annotator,BER38-14moF,004010.01.gif,2022-02-16 16:46:14,,,1,0,0,0,0,0,0,0,0,0,0,0,0,0,1,0,0,0,0
Annotator,BER38-14moF,004015.01.gif,2022-02-16 16:46:30,"sippy cup, juice",,1,0,1,0,0,0,0,0,0,0,1,0,0,0,0,0,0,0,0
Annotator,BER38-14moF,004020.02.gif,2022-02-16 16:46:38,"sippy cup, juice",,1,0,1,0,0,0,0,0,0,0,1,0,0,0,0,0,0,0,0
Annotator,BER38-14moF,004025.02.gif,2022-02-16 16:46:45,"sippy cup, juice",,1,0,1,0,0,0,0,0,0,0,1,0,0,0,0,0,0,0,0
Annotator,BER38-14moF,004030.03.gif,2022-02-16 16:46:54,"sippy cup, juice",,1,0,1,0,0,0,0,0,0,0,1,0,0,0,0,0,0,0,0
Annotator,BER38-14moF,004035.03.gif,2022-02-16 16:47:02,"sippy cup, juice",,1,0,1,0,0,0,0,0,0,0,1,0,0,0,0,0,0,0,0
Annotator,BER38-14moF,004040.00.gif,2022-02-16 16:47:14,"sippy cup, juice",,1,0,1,0,0,0,0,0,0,0,1,0,0,0,0,0,0,0,0
Annotator,BER38-14moF,004045.01.gif,2022-02-16 16:47:22,"sippy cup, juice",,1,0,1,0,0,0,0,0,0,0,1,0,0,0,0,0,0,0,0
Annotator,BER38-14moF,004050.01.gif,2022-02-16 16:47:34,"sippy cup, juice",,1,0,1,0,0,0,0,0,0,0,1,0,0,0,0,0,0,0,0
Annotator,BER38-14moF,004055.02.gif,2022-02-16 16:48:13,,,1,0,0,0,0,0,0,0,0,0,0,0,0,0,1,0,0,0,0
Annotator,BER38-14moF,004100.02.gif,2022-02-16 16:48:27,,,1,0,0,0,0,0,0,0,0,0,0,0,0,0,1,0,0,0,0
Annotator,BER38-14moF,004105.03.gif,2022-02-16 16:48:47,,couch contact but i don't know if this should be handling,1,0,0,0,0,0,0,0,0,0,0,0,0,0,1,0,0,0,0
Annotator,BER38-14moF,004110.00.gif,2022-02-16 16:48:54,,couch contact but i don't know if this should be handling,1,0,0,0,0,0,0,0,0,0,0,0,0,0,1,0,0,0,0
Annotator,BER38-14moF,004115.01.gif,2022-02-16 16:49:01,,couch contact but i don't know if this should be handling,1,0,0,0,0,0,0,0,0,0,0,0,0,0,1,0,0,0,0
Annotator,BER38-14moF,004120.01.gif,2022-02-16 16:49:08,,couch contact but i don't know if this should be handling,1,0,0,0,0,0,0,0,0,0,0,0,0,0,1,0,0,0,0
Annotator,BER38-14moF,004125.02.gif,2022-02-16 16:49:15,,couch contact but i don't know if this should be handling,1,0,0,0,0,0,0,0,0,0,0,0,0,0,1,0,0,0,0
Annotator,BER38-14moF,004130.02.gif,2022-02-16 16:49:36,,couch contact but i don't know if this should be handling,1,0,0,0,0,0,0,0,0,0,0,0,0,0,1,0,0,0,0
Annotator,BER38-14moF,004135.03.gif,2022-02-16 16:49:36,,couch contact but i don't know if this should be handling,1,0,0,0,0,0,0,0,0,0,0,0,0,0,1,0,0,0,0
Annotator,BER38-14moF,004140.03.gif,2022-02-16 16:49:44,,couch contact but i don't know if this should be handling,1,0,0,0,0,0,0,0,0,0,0,0,0,0,1,0,0,0,0
Annotator,BER38-14moF,004145.00.gif,2022-02-16 16:49:52,,couch contact but i don't know if this should be handling,1,0,0,0,0,0,0,0,0,0,0,0,0,0,1,0,0,0,0
Annotator,BER38-14moF,004150.01.gif,2022-02-16 16:50:26,,,1,0,0,0,0,0,0,0,0,0,0,0,0,0,1,0,0,0,0
Annotator,BER38-14moF,004155.01.gif,2022-02-16 16:50:24,,,1,0,0,0,0,0,0,0,0,0,0,0,0,0,1,0,0,0,0
Annotator,BER38-14moF,004200.02.gif,2022-02-16 16:50:22,,,1,0,0,0,0,0,0,0,0,0,0,0,0,0,1,0,0,0,0
Annotator,BER38-14moF,004205.02.gif,2022-02-16 16:50:35,,,1,0,0,0,0,0,0,0,0,0,0,0,0,0,1,0,0,0,0
Annotator,BER38-14moF,004210.03.gif,2022-02-16 16:50:42,,,1,0,0,0,0,0,0,0,0,0,0,0,0,0,1,0,0,0,0
Annotator,BER38-14moF,004215.03.gif,2022-02-16 16:50:48,,,1,0,0,0,0,0,0,0,0,0,0,0,0,0,1,0,0,0,0
Annotator,BER38-14moF,004220.00.gif,2022-02-16 16:51:01,couch,climbing,1,0,0,0,0,0,0,0,0,0,0,1,0,0,0,0,0,0,0
Annotator,BER38-14moF,004225.01.gif,2022-02-16 16:51:09,,,1,0,0,0,0,0,0,0,0,0,0,0,0,0,1,0,0,0,0
Annotator,BER38-14moF,004230.01.gif,2022-02-16 16:51:15,,,1,0,0,0,0,0,0,0,0,0,0,0,0,0,1,0,0,0,0
Annotator,BER38-14moF,004235.02.gif,2022-02-16 16:51:21,,,1,0,0,0,0,0,0,0,0,0,0,0,0,0,1,0,0,0,0
Annotator,BER38-14moF,004240.02.gif,2022-02-16 16:51:29,,,1,0,0,0,0,0,0,0,0,0,0,0,0,0,1,0,0,0,0
Annotator,BER38-14moF,004245.03.gif,2022-02-16 16:51:36,,,1,0,0,0,0,0,0,0,0,0,0,0,0,0,1,0,0,0,0
Annotator,BER38-14moF,004250.00.gif,2022-02-16 16:51:43,,,1,0,0,0,0,0,0,0,0,0,0,0,0,0,1,0,0,0,0
Annotator,BER38-14moF,004255.01.gif,2022-02-16 16:51:52,,,1,0,0,0,0,0,0,0,0,0,0,0,0,0,1,0,0,0,0
Annotator,BER38-14moF,004300.01.gif,2022-02-16 16:51:59,,,1,0,0,0,0,0,0,0,0,0,0,0,0,0,1,0,0,0,0
Annotator,BER38-14moF,004305.02.gif,2022-02-16 16:52:05,,,1,0,0,0,0,0,0,0,0,0,0,0,0,0,1,0,0,0,0
Annotator,BER38-14moF,004310.02.gif,2022-02-16 16:52:12,,,1,0,0,0,0,0,0,0,0,0,0,0,0,0,1,0,0,0,0
Annotator,BER38-14moF,004315.03.gif,2022-02-16 16:52:19,,,1,0,0,0,0,0,0,0,0,0,0,0,0,0,1,0,0,0,0
Annotator,BER38-14moF,004320.03.gif,2022-02-16 16:52:26,,,1,0,0,0,0,0,0,0,0,0,0,0,0,0,1,0,0,0,0
Annotator,BER38-14moF,004325.00.gif,2022-02-16 16:52:32,,,1,0,0,0,0,0,0,0,0,0,0,0,0,0,1,0,0,0,0
Annotator,BER38-14moF,004330.01.gif,2022-02-16 16:53:26,,,1,0,0,0,0,0,0,0,0,0,0,0,0,0,1,0,0,0,0
Annotator,BER38-14moF,004335.01.gif,2022-02-16 16:53:26,,,1,0,0,0,0,0,0,0,0,0,0,0,0,0,1,0,0,0,0
Annotator,BER38-14moF,004340.02.gif,2022-02-16 16:53:27,,,1,0,0,0,0,0,0,0,0,0,0,0,0,0,1,0,0,0,0
Annotator,BER38-14moF,004345.02.gif,2022-02-16 16:53:27,,,1,0,0,0,0,0,0,0,0,0,0,0,0,0,1,0,0,0,0
Annotator,BER38-14moF,004350.03.gif,2022-02-16 16:53:27,,,1,0,0,0,0,0,0,0,0,0,0,0,0,0,1,0,0,0,0
Annotator,BER38-14moF,004355.03.gif,2022-02-16 16:53:27,,,1,0,0,0,0,0,0,0,0,0,0,0,0,0,1,0,0,0,0
Annotator,BER38-14moF,004400.00.gif,2022-02-16 16:53:32,,,1,0,0,0,0,0,0,0,0,0,0,0,0,0,1,0,0,0,0
Annotator,BER38-14moF,004405.01.gif,2022-02-16 16:53:32,,,1,0,0,0,0,0,0,0,0,0,0,0,0,0,1,0,0,0,0
Annotator,BER38-14moF,004410.01.gif,2022-02-16 16:53:33,,,1,0,0,0,0,0,0,0,0,0,0,0,0,0,1,0,0,0,0
Annotator,BER38-14moF,004415.02.gif,2022-02-16 16:53:34,,,1,0,0,0,0,0,0,0,0,0,0,0,0,0,1,0,0,0,0
Annotator,BER38-14moF,004420.02.gif,2022-02-16 16:53:47,couch,using couch to push herself up,1,0,0,0,0,0,0,0,0,0,0,1,0,0,0,0,0,0,0
Annotator,BER38-14moF,004425.03.gif,2022-02-16 16:53:55,,,1,0,0,0,0,0,0,0,0,0,0,0,0,0,1,0,0,0,0
Annotator,BER38-14moF,004430.00.gif,2022-02-16 16:54:17,,,1,0,0,0,0,0,0,0,0,0,0,0,0,0,1,0,0,0,0
Annotator,BER38-14moF,004435.01.gif,2022-02-16 16:54:17,,,1,0,0,0,0,0,0,0,0,0,0,0,0,0,1,0,0,0,0
Annotator,BER38-14moF,004440.01.gif,2022-02-16 16:54:30,couch,using couch to pull herself up,1,0,0,0,0,0,0,0,0,0,0,1,0,0,0,0,0,0,0
Annotator,BER38-14moF,004445.02.gif,2022-02-16 16:55:52,,,1,0,0,0,0,0,0,0,0,0,0,0,0,0,1,0,0,0,0
Annotator,BER38-14moF,004450.02.gif,2022-02-16 16:55:53,,,1,0,0,0,0,0,0,0,0,0,0,0,0,0,1,0,0,0,0
Annotator,BER38-14moF,004455.03.gif,2022-02-16 16:55:54,,,1,0,0,0,0,0,0,0,0,0,0,0,0,0,1,0,0,0,0
Annotator,BER38-14moF,004500.03.gif,2022-02-16 16:55:54,,,1,0,0,0,0,0,0,0,0,0,0,0,0,0,1,0,0,0,0
Annotator,BER38-14moF,004505.00.gif,2022-02-16 16:55:55,,,1,0,0,0,0,0,0,0,0,0,0,0,0,0,1,0,0,0,0
Annotator,BER38-14moF,004510.01.gif,2022-02-16 16:55:56,,,1,0,0,0,0,0,0,0,0,0,0,0,0,0,1,0,0,0,0
Annotator,BER38-14moF,004515.01.gif,2022-02-16 16:55:57,,,1,0,0,0,0,0,0,0,0,0,0,0,0,0,1,0,0,0,0
Annotator,BER38-14moF,004520.02.gif,2022-02-16 16:56:01,,,1,0,0,0,0,0,0,0,0,0,0,0,0,0,1,0,0,0,0
Annotator,BER38-14moF,004525.02.gif,2022-02-16 16:56:23,couch,using couch to pull herself up,1,0,0,0,0,0,0,0,0,0,0,1,0,0,0,0,0,0,0
Annotator,BER38-14moF,004530.03.gif,2022-02-16 16:56:31,,,1,0,0,0,0,0,0,0,0,0,0,0,0,0,1,0,0,0,0
Annotator,BER38-14moF,004535.03.gif,2022-02-16 16:59:40,,,1,0,0,0,0,0,0,0,0,0,0,0,0,0,1,0,0,0,0
Annotator,BER38-14moF,004540.00.gif,2022-02-16 16:59:40,,,1,0,0,0,0,0,0,0,0,0,0,0,0,0,1,0,0,0,0
Annotator,BER38-14moF,004545.01.gif,2022-02-16 16:59:40,,,1,0,0,0,0,0,0,0,0,0,0,0,0,0,1,0,0,0,0
Annotator,BER38-14moF,004550.01.gif,2022-02-16 16:59:40,,,1,0,0,0,0,0,0,0,0,0,0,0,0,0,1,0,0,0,0
Annotator,BER38-14moF,004555.02.gif,2022-02-16 16:59:41,,,1,0,0,0,0,0,0,0,0,0,0,0,0,0,1,0,0,0,0
Annotator,BER38-14moF,004600.02.gif,2022-02-16 16:59:41,,,1,0,0,0,0,0,0,0,0,0,0,0,0,0,1,0,0,0,0
Annotator,BER38-14moF,004605.03.gif,2022-02-16 16:59:41,,,1,0,0,0,0,0,0,0,0,0,0,0,0,0,1,0,0,0,0
Annotator,BER38-14moF,004610.00.gif,2022-02-16 16:59:42,,,1,0,0,0,0,0,0,0,0,0,0,0,0,0,1,0,0,0,0
Annotator,BER38-14moF,004615.01.gif,2022-02-16 16:59:43,,,1,0,0,0,0,0,0,0,0,0,0,0,0,0,1,0,0,0,0
Annotator,BER38-14moF,004620.01.gif,2022-02-16 16:59:43,,,1,0,0,0,0,0,0,0,0,0,0,0,0,0,1,0,0,0,0
Annotator,BER38-14moF,004625.02.gif,2022-02-16 16:59:44,,,1,0,0,0,0,0,0,0,0,0,0,0,0,0,1,0,0,0,0
Annotator,BER38-14moF,004630.02.gif,2022-02-16 16:59:44,,,1,0,0,0,0,0,0,0,0,0,0,0,0,0,1,0,0,0,0
Annotator,BER38-14moF,004635.03.gif,2022-02-16 16:59:44,,,1,0,0,0,0,0,0,0,0,0,0,0,0,0,1,0,0,0,0
Annotator,BER38-14moF,004640.03.gif,2022-02-16 16:59:44,,,1,0,0,0,0,0,0,0,0,0,0,0,0,0,1,0,0,0,0
Annotator,BER38-14moF,004645.00.gif,2022-02-16 16:59:44,,,1,0,0,0,0,0,0,0,0,0,0,0,0,0,1,0,0,0,0
Annotator,BER38-14moF,004650.01.gif,2022-02-16 16:59:45,,,1,0,0,0,0,0,0,0,0,0,0,0,0,0,1,0,0,0,0
Annotator,BER38-14moF,004655.01.gif,2022-02-16 16:59:45,,,1,0,0,0,0,0,0,0,0,0,0,0,0,0,1,0,0,0,0
Annotator,BER38-14moF,004700.02.gif,2022-02-16 16:59:45,,,1,0,0,0,0,0,0,0,0,0,0,0,0,0,1,0,0,0,0
Annotator,BER38-14moF,004705.02.gif,2022-02-16 16:59:45,,,1,0,0,0,0,0,0,0,0,0,0,0,0,0,1,0,0,0,0
Annotator,BER38-14moF,004710.03.gif,2022-02-16 16:59:46,,,1,0,0,0,0,0,0,0,0,0,0,0,0,0,1,0,0,0,0
Annotator,BER38-14moF,004715.03.gif,2022-02-16 16:59:46,,,1,0,0,0,0,0,0,0,0,0,0,0,0,0,1,0,0,0,0
Annotator,BER38-14moF,004720.00.gif,2022-02-16 16:59:46,,,1,0,0,0,0,0,0,0,0,0,0,0,0,0,1,0,0,0,0
Annotator,BER38-14moF,004725.01.gif,2022-02-16 16:59:47,,,1,0,0,0,0,0,0,0,0,0,0,0,0,0,1,0,0,0,0
Annotator,BER38-14moF,004730.01.gif,2022-02-16 16:59:47,,,1,0,0,0,0,0,0,0,0,0,0,0,0,0,1,0,0,0,0
Annotator,BER38-14moF,004735.02.gif,2022-02-16 16:59:47,,,1,0,0,0,0,0,0,0,0,0,0,0,0,0,1,0,0,0,0
Annotator,BER38-14moF,004740.02.gif,2022-02-16 16:59:47,,,1,0,0,0,0,0,0,0,0,0,0,0,0,0,1,0,0,0,0
Annotator,BER38-14moF,004745.03.gif,2022-02-16 16:59:48,,,1,0,0,0,0,0,0,0,0,0,0,0,0,0,1,0,0,0,0
Annotator,BER38-14moF,004750.00.gif,2022-02-16 16:59:48,,,1,0,0,0,0,0,0,0,0,0,0,0,0,0,1,0,0,0,0
Annotator,BER38-14moF,004755.01.gif,2022-02-16 16:59:48,,,1,0,0,0,0,0,0,0,0,0,0,0,0,0,1,0,0,0,0
Annotator,BER38-14moF,004800.01.gif,2022-02-16 16:59:48,,,1,0,0,0,0,0,0,0,0,0,0,0,0,0,1,0,0,0,0
Annotator,BER38-14moF,004805.02.gif,2022-02-16 16:59:48,,,1,0,0,0,0,0,0,0,0,0,0,0,0,0,1,0,0,0,0
Annotator,BER38-14moF,004810.02.gif,2022-02-16 16:59:49,,,1,0,0,0,0,0,0,0,0,0,0,0,0,0,1,0,0,0,0
Annotator,BER38-14moF,004815.03.gif,2022-02-16 16:59:51,,,1,0,0,0,0,0,0,0,0,0,0,0,0,0,1,0,0,0,0
Annotator,BER38-14moF,004820.03.gif,2022-02-16 16:59:51,,,1,0,0,0,0,0,0,0,0,0,0,0,0,0,1,0,0,0,0
Annotator,BER38-14moF,004825.00.gif,2022-02-16 16:59:51,,,1,0,0,0,0,0,0,0,0,0,0,0,0,0,1,0,0,0,0
Annotator,BER38-14moF,004830.01.gif,2022-02-16 16:59:51,,,1,0,0,0,0,0,0,0,0,0,0,0,0,0,1,0,0,0,0
Annotator,BER38-14moF,004835.01.gif,2022-02-16 16:59:52,,,1,0,0,0,0,0,0,0,0,0,0,0,0,0,1,0,0,0,0
Annotator,BER38-14moF,004840.02.gif,2022-02-16 16:59:52,,,1,0,0,0,0,0,0,0,0,0,0,0,0,0,1,0,0,0,0
Annotator,BER38-14moF,004845.02.gif,2022-02-16 16:59:52,,,1,0,0,0,0,0,0,0,0,0,0,0,0,0,1,0,0,0,0
Annotator,BER38-14moF,004850.03.gif,2022-02-16 16:59:52,,,1,0,0,0,0,0,0,0,0,0,0,0,0,0,1,0,0,0,0
Annotator,BER38-14moF,004855.03.gif,2022-02-16 16:59:52,,,1,0,0,0,0,0,0,0,0,0,0,0,0,0,1,0,0,0,0
Annotator,BER38-14moF,004900.00.gif,2022-02-16 16:59:53,,,1,0,0,0,0,0,0,0,0,0,0,0,0,0,1,0,0,0,0
Annotator,BER38-14moF,004905.01.gif,2022-02-16 16:59:53,,,1,0,0,0,0,0,0,0,0,0,0,0,0,0,1,0,0,0,0
Annotator,BER38-14moF,004910.01.gif,2022-02-16 16:59:55,,,1,0,0,0,0,0,0,0,0,0,0,0,0,0,1,0,0,0,0
Annotator,BER38-14moF,004915.02.gif,2022-02-16 16:59:55,,,1,0,0,0,0,0,0,0,0,0,0,0,0,0,1,0,0,0,0
Annotator,BER38-14moF,004920.02.gif,2022-02-16 16:59:56,,,1,0,0,0,0,0,0,0,0,0,0,0,0,0,1,0,0,0,0
Annotator,BER38-14moF,004925.03.gif,2022-02-16 16:59:56,,,1,0,0,0,0,0,0,0,0,0,0,0,0,0,1,0,0,0,0
Annotator,BER38-14moF,004930.00.gif,2022-02-16 16:59:56,,,1,0,0,0,0,0,0,0,0,0,0,0,0,0,1,0,0,0,0
Annotator,BER38-14moF,004935.01.gif,2022-02-16 16:59:56,,,1,0,0,0,0,0,0,0,0,0,0,0,0,0,1,0,0,0,0
Annotator,BER38-14moF,004940.01.gif,2022-02-16 16:59:58,,,1,0,0,0,0,0,0,0,0,0,0,0,0,0,1,0,0,0,0
Annotator,BER38-14moF,004945.02.gif,2022-02-16 16:59:59,,,1,0,0,0,0,0,0,0,0,0,0,0,0,0,1,0,0,0,0
Annotator,BER38-14moF,004950.02.gif,2022-02-16 17:00:00,,,1,0,0,0,0,0,0,0,0,0,0,0,0,0,1,0,0,0,0
Annotator,BER38-14moF,004955.03.gif,2022-02-16 17:00:00,,,1,0,0,0,0,0,0,0,0,0,0,0,0,0,1,0,0,0,0
Annotator,BER38-14moF,005000.03.gif,2022-02-16 17:00:01,,,1,0,0,0,0,0,0,0,0,0,0,0,0,0,1,0,0,0,0
Annotator,BER38-14moF,005005.00.gif,2022-02-16 17:00:03,,,1,0,0,0,0,0,0,0,0,0,0,0,0,0,1,0,0,0,0
Annotator,BER38-14moF,005010.01.gif,2022-02-16 17:00:03,,,1,0,0,0,0,0,0,0,0,0,0,0,0,0,1,0,0,0,0
Annotator,BER38-14moF,005015.01.gif,2022-02-16 17:00:04,,,1,0,0,0,0,0,0,0,0,0,0,0,0,0,1,0,0,0,0
Annotator,BER38-14moF,005020.02.gif,2022-02-16 17:00:05,,,1,0,0,0,0,0,0,0,0,0,0,0,0,0,1,0,0,0,0
Annotator,BER38-14moF,005025.02.gif,2022-02-16 17:00:05,,,1,0,0,0,0,0,0,0,0,0,0,0,0,0,1,0,0,0,0
Annotator,BER38-14moF,005030.03.gif,2022-02-16 17:00:06,,,1,0,0,0,0,0,0,0,0,0,0,0,0,0,1,0,0,0,0
Annotator,BER38-14moF,005035.03.gif,2022-02-16 17:00:13,jacket,,1,0,0,1,0,0,0,0,0,0,0,0,0,0,0,0,0,0,0
Annotator,BER38-14moF,005040.00.gif,2022-02-16 17:00:36,,,1,0,0,0,0,0,0,0,0,0,0,0,0,0,1,0,0,0,0
Annotator,BER38-14moF,005045.01.gif,2022-02-16 17:00:44,,,1,0,0,0,0,0,0,0,0,0,0,0,0,0,1,0,0,0,0
Annotator,BER38-14moF,005050.01.gif,2022-02-16 17:01:07,,,1,0,0,0,0,0,0,0,0,0,0,0,0,0,1,0,0,0,0
Annotator,BER38-14moF,005055.02.gif,2022-02-16 17:01:07,,,1,0,0,0,0,0,0,0,0,0,0,0,0,0,1,0,0,0,0
Annotator,BER38-14moF,005100.02.gif,2022-02-16 17:01:08,,,1,0,0,0,0,0,0,0,0,0,0,0,0,0,1,0,0,0,0
Annotator,BER38-14moF,005105.03.gif,2022-02-16 17:01:12,jacket,,1,0,0,1,0,0,0,0,0,0,0,0,0,0,0,0,0,0,0
Annotator,BER38-14moF,005110.00.gif,2022-02-16 17:01:20,jacket,,1,0,0,1,0,0,0,0,0,0,0,0,0,0,0,0,0,0,0
Annotator,BER38-14moF,005115.01.gif,2022-02-16 17:01:27,jacket,,1,0,0,1,0,0,0,0,0,0,0,0,0,0,0,0,0,0,0
Annotator,BER38-14moF,005120.01.gif,2022-02-16 17:01:35,,,1,0,0,0,0,0,0,0,0,0,0,0,0,0,1,0,0,0,0
Annotator,BER38-14moF,005125.02.gif,2022-02-16 17:01:58,,,1,0,0,0,0,0,0,0,0,0,0,0,0,0,1,0,0,0,0
Annotator,BER38-14moF,005130.02.gif,2022-02-16 17:01:58,,,1,0,0,0,0,0,0,0,0,0,0,0,0,0,1,0,0,0,0
Annotator,BER38-14moF,005135.03.gif,2022-02-16 17:01:58,,,1,0,0,0,0,0,0,0,0,0,0,0,0,0,1,0,0,0,0
Annotator,BER38-14moF,005140.03.gif,2022-02-16 17:01:58,,,1,0,0,0,0,0,0,0,0,0,0,0,0,0,1,0,0,0,0
Annotator,BER38-14moF,005145.00.gif,2022-02-16 17:02:17,"sippy cup, juice",,1,0,1,0,0,0,0,0,0,0,1,0,0,0,0,0,0,0,0
Annotator,BER38-14moF,005150.01.gif,2022-02-16 17:02:24,,,1,0,0,0,0,0,0,0,0,0,0,0,0,0,1,0,0,0,0
Annotator,BER38-14moF,005155.01.gif,2022-02-16 17:03:50,,,1,0,0,0,0,0,0,0,0,0,0,0,0,0,1,0,0,0,0
Annotator,BER38-14moF,005200.02.gif,2022-02-16 17:03:50,,,1,0,0,0,0,0,0,0,0,0,0,0,0,0,1,0,0,0,0
Annotator,BER38-14moF,005205.02.gif,2022-02-16 17:03:50,,,1,0,0,0,0,0,0,0,0,0,0,0,0,0,1,0,0,0,0
Annotator,BER38-14moF,005210.03.gif,2022-02-16 17:03:51,,,1,0,0,0,0,0,0,0,0,0,0,0,0,0,1,0,0,0,0
Annotator,BER38-14moF,005215.03.gif,2022-02-16 17:03:51,,,1,0,0,0,0,0,0,0,0,0,0,0,0,0,1,0,0,0,0
Annotator,BER38-14moF,005220.00.gif,2022-02-16 17:03:52,,,1,0,0,0,0,0,0,0,0,0,0,0,0,0,1,0,0,0,0
Annotator,BER38-14moF,005225.01.gif,2022-02-16 17:03:52,,,1,0,0,0,0,0,0,0,0,0,0,0,0,0,1,0,0,0,0
Annotator,BER38-14moF,005230.01.gif,2022-02-16 17:03:52,,,1,0,0,0,0,0,0,0,0,0,0,0,0,0,1,0,0,0,0
Annotator,BER38-14moF,005235.02.gif,2022-02-16 17:03:52,,,1,0,0,0,0,0,0,0,0,0,0,0,0,0,1,0,0,0,0
Annotator,BER38-14moF,005240.02.gif,2022-02-16 17:03:53,,,1,0,0,0,0,0,0,0,0,0,0,0,0,0,1,0,0,0,0
Annotator,BER38-14moF,005245.03.gif,2022-02-16 17:03:53,,,1,0,0,0,0,0,0,0,0,0,0,0,0,0,1,0,0,0,0
Annotator,BER38-14moF,005250.00.gif,2022-02-16 17:03:54,,,1,0,0,0,0,0,0,0,0,0,0,0,0,0,1,0,0,0,0
Annotator,BER38-14moF,005255.01.gif,2022-02-16 17:03:55,,,1,0,0,0,0,0,0,0,0,0,0,0,0,0,1,0,0,0,0
Annotator,BER38-14moF,005300.01.gif,2022-02-16 17:03:55,,,1,0,0,0,0,0,0,0,0,0,0,0,0,0,1,0,0,0,0
Annotator,BER38-14moF,005305.02.gif,2022-02-16 17:03:55,,,1,0,0,0,0,0,0,0,0,0,0,0,0,0,1,0,0,0,0
Annotator,BER38-14moF,005310.02.gif,2022-02-16 17:03:56,,,1,0,0,0,0,0,0,0,0,0,0,0,0,0,1,0,0,0,0
Annotator,BER38-14moF,005315.03.gif,2022-02-16 17:03:56,,,1,0,0,0,0,0,0,0,0,0,0,0,0,0,1,0,0,0,0
Annotator,BER38-14moF,005320.03.gif,2022-02-16 17:03:57,,,1,0,0,0,0,0,0,0,0,0,0,0,0,0,1,0,0,0,0
Annotator,BER38-14moF,005325.00.gif,2022-02-16 17:03:57,,,1,0,0,0,0,0,0,0,0,0,0,0,0,0,1,0,0,0,0
Annotator,BER38-14moF,005330.01.gif,2022-02-16 17:03:58,,,1,0,0,0,0,0,0,0,0,0,0,0,0,0,1,0,0,0,0
Annotator,BER38-14moF,005335.01.gif,2022-02-16 17:03:58,,,1,0,0,0,0,0,0,0,0,0,0,0,0,0,1,0,0,0,0
Annotator,BER38-14moF,005340.02.gif,2022-02-16 17:03:59,,,1,0,0,0,0,0,0,0,0,0,0,0,0,0,1,0,0,0,0
Annotator,BER38-14moF,005345.02.gif,2022-02-16 17:04:08,couch,,1,0,0,0,0,0,0,0,0,0,0,1,0,0,0,0,0,0,0
Annotator,BER38-14moF,005350.03.gif,2022-02-16 17:04:19,,,1,0,0,0,0,0,0,0,0,0,0,0,0,0,1,0,0,0,0
Annotator,BER38-14moF,005355.03.gif,2022-02-16 17:04:28,couch,,1,0,0,0,0,0,0,0,0,0,0,1,0,0,0,0,0,0,0
Annotator,BER38-14moF,005400.00.gif,2022-02-16 17:05:55,,,1,0,0,0,0,0,0,0,0,0,0,0,0,0,1,0,0,0,0
Annotator,BER38-14moF,005405.01.gif,2022-02-16 17:05:55,,,1,0,0,0,0,0,0,0,0,0,0,0,0,0,1,0,0,0,0
Annotator,BER38-14moF,005410.01.gif,2022-02-16 17:05:55,,,1,0,0,0,0,0,0,0,0,0,0,0,0,0,1,0,0,0,0
Annotator,BER38-14moF,005415.02.gif,2022-02-16 17:05:56,,,1,0,0,0,0,0,0,0,0,0,0,0,0,0,1,0,0,0,0
Annotator,BER38-14moF,005420.02.gif,2022-02-16 17:05:56,,,1,0,0,0,0,0,0,0,0,0,0,0,0,0,1,0,0,0,0
Annotator,BER38-14moF,005425.03.gif,2022-02-16 17:05:56,,,1,0,0,0,0,0,0,0,0,0,0,0,0,0,1,0,0,0,0
Annotator,BER38-14moF,005430.00.gif,2022-02-16 17:05:56,,,1,0,0,0,0,0,0,0,0,0,0,0,0,0,1,0,0,0,0
Annotator,BER38-14moF,005435.01.gif,2022-02-16 17:05:57,,,1,0,0,0,0,0,0,0,0,0,0,0,0,0,1,0,0,0,0
Annotator,BER38-14moF,005440.01.gif,2022-02-16 17:05:57,,,1,0,0,0,0,0,0,0,0,0,0,0,0,0,1,0,0,0,0
Annotator,BER38-14moF,005445.02.gif,2022-02-16 17:05:58,,,1,0,0,0,0,0,0,0,0,0,0,0,0,0,1,0,0,0,0
Annotator,BER38-14moF,005450.02.gif,2022-02-16 17:05:58,,,1,0,0,0,0,0,0,0,0,0,0,0,0,0,1,0,0,0,0
Annotator,BER38-14moF,005455.03.gif,2022-02-16 17:06:00,,,1,0,0,0,0,0,0,0,0,0,0,0,0,0,1,0,0,0,0
Annotator,BER38-14moF,005500.03.gif,2022-02-16 17:06:09,couch,pulling herself up,1,0,0,0,0,0,0,0,0,0,0,1,0,0,0,0,0,0,0
Annotator,BER38-14moF,005505.00.gif,2022-02-16 17:06:11,couch,pulling herself up,1,0,0,0,0,0,0,0,0,0,0,1,0,0,0,0,0,0,0
Annotator,BER38-14moF,005510.01.gif,2022-02-16 17:06:25,,,1,0,0,0,0,0,0,0,0,0,0,0,0,0,1,0,0,0,0
Annotator,BER38-14moF,005515.01.gif,2022-02-16 17:06:56,,,1,0,0,0,0,0,0,0,0,0,0,0,0,0,1,0,0,0,0
Annotator,BER38-14moF,005520.02.gif,2022-02-16 17:06:57,,,1,0,0,0,0,0,0,0,0,0,0,0,0,0,1,0,0,0,0
Annotator,BER38-14moF,005525.02.gif,2022-02-16 17:06:57,,,1,0,0,0,0,0,0,0,0,0,0,0,0,0,1,0,0,0,0
Annotator,BER38-14moF,005530.03.gif,2022-02-16 17:06:58,,,1,0,0,0,0,0,0,0,0,0,0,0,0,0,1,0,0,0,0
Annotator,BER38-14moF,005535.03.gif,2022-02-16 17:07:02,couch,,1,0,0,0,0,0,0,0,0,0,0,1,0,0,0,0,0,0,0
Annotator,BER38-14moF,005540.00.gif,2022-02-16 17:07:09,,,1,0,0,0,0,0,0,0,0,0,0,0,0,0,1,0,0,0,0
Annotator,BER38-14moF,005545.01.gif,2022-02-16 17:07:16,,,1,0,0,0,0,0,0,0,0,0,0,0,0,0,1,0,0,0,0
Annotator,BER38-14moF,005550.01.gif,2022-02-16 17:07:55,,,1,0,0,0,0,0,0,0,0,0,0,0,0,0,1,0,0,0,0
Annotator,BER38-14moF,005555.02.gif,2022-02-16 17:07:56,,,1,0,0,0,0,0,0,0,0,0,0,0,0,0,1,0,0,0,0
Annotator,BER38-14moF,005600.02.gif,2022-02-16 17:07:56,,,1,0,0,0,0,0,0,0,0,0,0,0,0,0,1,0,0,0,0
Annotator,BER38-14moF,005605.03.gif,2022-02-16 17:07:56,,,1,0,0,0,0,0,0,0,0,0,0,0,0,0,1,0,0,0,0
Annotator,BER38-14moF,005610.03.gif,2022-02-16 17:07:57,,,1,0,0,0,0,0,0,0,0,0,0,0,0,0,1,0,0,0,0
Annotator,BER38-14moF,005615.00.gif,2022-02-16 17:07:57,,,1,0,0,0,0,0,0,0,0,0,0,0,0,0,1,0,0,0,0
Annotator,BER38-14moF,005620.01.gif,2022-02-16 17:07:58,,,1,0,0,0,0,0,0,0,0,0,0,0,0,0,1,0,0,0,0
Annotator,BER38-14moF,005625.01.gif,2022-02-16 17:07:58,,,1,0,0,0,0,0,0,0,0,0,0,0,0,0,1,0,0,0,0
Annotator,BER38-14moF,005630.02.gif,2022-02-16 17:07:59,,,1,0,0,0,0,0,0,0,0,0,0,0,0,0,1,0,0,0,0
